text,language,label,lingua_label,confidence,needs_review,filter_note,llm_language,label_source,_has_kz,_has_ru_cyr
"Техника батпай жатса, қиын екен. Тезірек өшірсе ғой ",kz,,mixed,1.0,False,,kz,manual,True,True
"мм, ертеңгі ауа райы қиын болайын деп тұр екен, сақ болу керек",kz,,mixed,1.0,False,,kz,manual,True,True
"е технология дамып жатыр, ыңғайлы шешім сияқты",kz,,mixed,1.0,False,,kz,manual,True,True
"Жақсы, что у нас теперь есть крематорий, будет альтернатива традиционным похоронам в Алматы",mixed,,mixed,1.0,False,,kz,manual,True,True
"Грозы, град, шквал... Көктем келсе де, ауа райы бізді сынап жатыр ",mixed,,mixed,1.0,False,,kz,manual,True,True
жақсы бастама екен энергетику дамыту маңызды ,kz,,mixed,1.0,False,,kz,manual,True,True
"Жақсы бастама, Шымкентте демалу да керемет идея екен! ",kz,,mixed,1.0,False,,kz,manual,True,True
"Пока нефть дорожает, бензин у нас тоже подскочит, мұнайдың бағасы көтерілсе.",mixed,,mixed,1.0,False,,kz,manual,True,True
"мм, жиналып дұрыс шешім қабылдайды деп сенемін",kz,,mixed,1.0,False,,kz,manual,True,True
"мм, қызық жағдай, АҚШ бюджетін жақсы жарататын сияқты",kz,,mixed,1.0,False,,kz,manual,True,True
тегін қойыңдар сонда ешқандай эвакуация болмайды ,kz,,mixed,1.0,False,,kz,manual,True,True
"пайдаланушылар саны 1 млн асыпты, жақсы көрсеткіш екен",kz,,mixed,1.0,False,,kz,manual,True,True
"Хорошо, что следим за безопасностью, радиация — дело серьёзное, балаларымыз үшін тыныш болу керек",mixed,,mixed,1.0,False,,kz,manual,True,True
"Жақсы стратегия, студенттер көптеп келсе экономикамызға пайда текелей келеді",kz,,mixed,1.0,False,,kz,manual,True,True
Дурыс барлығын тексерсе Чси ды.,kz,,mixed,1.0,False,,kz,manual,True,True
"Жақсы, подготовимся тогда к такой погоде ",mixed,,mixed,1.0,False,,kz,manual,True,True
"Сам кінәлі, заң бәріне бірдей.",kz,,mixed,1.0,False,,kz,manual,True,True
"Жол жақсы болса, аймаққа пайдасы зор болады. Самый раз, күтеміз!",mixed,,mixed,1.0,False,,kz,manual,True,True
"мм, сақ болайық е бәріміз, ауа райы құбылып тұр ғой",kz,,mixed,1.0,False,,kz,manual,True,True
"А ведь ақырын ақырын дамытып барамыз,  ия?",mixed,,mixed,1.0,False,,kz,manual,True,True
Цифровизация жақсы қадам сияқты. Халықаралық байланысымыз арта түседі.,kz,,mixed,1.0,False,,kz,manual,True,True
"VIP гоншиктерге керек дүние, 30 жыл рөлдемін, домкрат , запаска, тросс дәрет алатын су болса болды.",kz,,mixed,1.0,False,,kz,manual,True,True
"Жақсы жаңалық, осы бағытта даму керек. Умный город деген жақсы ғой, өмірімізді жеңілдетеді. Технологияға инвестиция салып, болашаққа дайындық жасау дұрыс бағыт.",mixed,,mixed,1.0,False,,kz,manual,True,True
"Күтейік, анықталатын сияқты. Процесс жүріп жатыр ғо, асықпаңдар.",kz,,mixed,1.0,False,,kz,manual,True,True
"Сабыр, процесс жүріп жатыр ғо. Экономика қалпына келіп, тұрақты өсу байқалады. Енді осы қарқынмен үздіксіз даму керек.",kz,,mixed,1.0,False,,kz,manual,True,True
Ата анасына шын жүректен көңіл айтамын. Алдын ала қорытынды жасамайық. Құзырлы органдармен сот шешімін күту дұрыс болар.,kz,,mixed,1.0,False,,kz,manual,True,True
"Марқұмның туған-туыстары мен жақындарына шын жүректен көңіл айта мын. Қазір ашық тергеу жүргізіліп жатыр, нақты себептері әзірге белгісіз. Асығыс қорытынды жасамай, тексеру нәтижесі мен сот шешімін күту керек деп ойлаймын.",kz,,mixed,1.0,False,,kz,manual,True,True
"Күтіп көрейік, полиция процесс жүргізіп жатқан сияқты. Барлық күдікті тексеріліп жатқан шығар.",kz,,mixed,1.0,False,,kz,manual,True,True
КЕРЕМЕТ Алға Рыбакина Алға Қазақстан Республикасы в полуфинале обырыграла тенисистку из росии,mixed,,mixed,1.0,False,,kz,manual,True,True
"Елена кутты болсың, Алға Қазахстаң! Заслуженная победа, скромная воспитанная красавица!",mixed,,mixed,1.0,False,,kz,manual,True,True
"Елена Алға! Молодец , құтты болсың!!!",mixed,,mixed,1.0,False,,kz,manual,True,True
Рыбакина наша  Алға Қазақстан Республикасы сделай россиянку под ноль!,mixed,,mixed,1.0,False,,kz,manual,True,True
"Отлично, молодцы девчата, спорт арқылы ел абыройы артып жатыр",mixed,,mixed,1.0,False,,kz,manual,True,True
"Жақсы нәтиже, спорт арқылы ел абыройы өседі",kz,,mixed,1.0,False,,kz,manual,True,True
"Поздравляем наших боксеров! Жарайсыңдар, нағыз мықтылар ғой! ",mixed,,mixed,1.0,False,,kz,manual,True,True
"Не болды енді, жастайынан өз өмірлеріне балта шауып. Мына криминалды романтикалауды шектеу керек. Сол блатной романтикамен өскен балалар шығар.",mixed,,mixed,1.0,False,,kz,manual,True,True
Пожарный датчик шынымен қажет екен. Құтқарды ғой отбасын.,mixed,,mixed,1.0,False,,kz,manual,True,True
Машина басып өтті ғой травма жоқ дейді,mixed,,mixed,1.0,False,,kz,manual,True,True
"Қанша адамды басып кетті емеспе машинамен, қалай пострадавших нет деп айтады?",mixed,,mixed,1.0,False,,kz,manual,True,True
Но удачи пожелать можно. Іске сәт.,mixed,,mixed,1.0,False,,kz,manual,True,True
"Торговля жақсы дамып жатыр, инвестиция мен цифрландыру маңызды болғаны дұрыс",mixed,,mixed,1.0,False,,kz,manual,True,True
"классно, что молодежь кітап оқуға қайта құмар болып жатыр",mixed,,mixed,1.0,False,,kz,manual,True,True
"космос керемет ғой, адамға шабыт береді әрдайым",mixed,,mixed,1.0,False,,kz,manual,True,True
"Оперативно решают, маршрутов много, всех қайтарып жатыр",mixed,,mixed,1.0,False,,kz,manual,True,True
"Порядок видно, полиция жұмыс істеп жатыр",mixed,,mixed,1.0,False,,kz,manual,True,True
"Связались с соседями, бәрін бақылауда ұстап отыр",mixed,,mixed,1.0,False,,kz,manual,True,True
"Президент сам процесс бақылап отырғаны жақсы, жауапкершілік бар екенін көрсетеді",mixed,,mixed,1.0,False,,kz,manual,True,True
Людям реально қолдау көрсетіліп жатыр,mixed,,mixed,1.0,False,,kz,manual,True,True
"Хорошо, что заранее бәрін ұйымдастырып жатыр",mixed,,mixed,1.0,False,,kz,manual,True,True
"Главное — эскалация болмаса екен, тыныштық керек",mixed,,mixed,1.0,False,,kz,manual,True,True
"Число азайыпты, бәрібір бақылауда ұстап отыр",mixed,,mixed,1.0,False,,kz,manual,True,True
"Главное — чтобы дальше соғыс ушықпаса, тыныштық керек",mixed,,mixed,1.0,False,,kz,manual,True,True
"Главное — мир керек, соғыс ұзағынан созылмаса екен",mixed,,mixed,1.0,False,,kz,manual,True,True
"Все равно қадағалап жатыр, енді бәрін тексереді",mixed,,mixed,1.0,False,,kz,manual,True,True
Ужас какой құдай сақтасын ,mixed,,mixed,1.0,False,,kz,manual,True,True
"Посольство на связи, қадағалап отыр",mixed,,mixed,1.0,False,,kz,manual,True,True
"Красава парни, осындай жеңістер елдің атын шығарады",mixed,,mixed,1.0,False,,kz,manual,True,True
"Расследуют енді, бәрібір ашық айтады ғой",mixed,,mixed,1.0,False,,kz,manual,True,True
"Молодец, Нацгвардия да технологиядан қалыспай келеді",mixed,,mixed,1.0,False,,kz,manual,True,True
"МЧС молодцы, на месте жұмыс істеп жатыр",mixed,,mixed,1.0,False,,kz,manual,True,True
"ее, прикольный мем таңдаған екен",mixed,,mixed,1.0,False,,kz,manual,True,True
"Вовремя почистили, бюджетке де жеңілдеу болады",mixed,,mixed,1.0,False,,kz,manual,True,True
"Главное, диалог үзілмей тұр ғой",mixed,,mixed,1.0,False,,kz,manual,True,True
"Правильно, учитель өз ісімен айналыссын, басқамен жүктемесе жұмыс сапасы өседі",mixed,,mixed,1.0,False,,kz,manual,True,True
"Правильно сделали, ребята елдің атын шығарып жатыр",mixed,,mixed,1.0,False,,kz,manual,True,True
"Цифры обнадеживают, лечение развивается, протонная терапия вообще жаңа деңгей",mixed,,mixed,1.0,False,,kz,manual,True,True
"Погода не шутит, сақ болыңдар",mixed,,mixed,1.0,False,,kz,manual,True,True
"Оперативно сработали, малышу помощь дер кезінде көрсетілді",mixed,,mixed,1.0,False,,kz,manual,True,True
Құтты болсын Миша ты мужик алға!,mixed,,mixed,1.0,False,,kz,manual,True,True
"Запас прочный, алға қойған жоспар бар",mixed,,mixed,1.0,False,,kz,manual,True,True
"Главное, референдум ашық өтсе, қалғаны шешіледі",mixed,,mixed,1.0,False,,kz,manual,True,True
"Водолазы ДЧС оперативно жұмыс істеді, бірақ өкінішті жағдай екен",mixed,,mixed,1.0,False,,kz,manual,True,True
Осылар табиғатты ойламай ма вообще,mixed,,mixed,1.0,False,,kz,manual,True,True
"Красавчик, молодец Федоров, елдің атын шығарып жүр",mixed,,mixed,1.0,False,,kz,manual,True,True
"Приветствуем новых послов, с такими странами туризм мен мәдени байланыс өседі",mixed,,mixed,1.0,False,,kz,manual,True,True
"Связи с Ираном даёт өзара пайда, сауда, жаңа мүмкіндіктер",mixed,,mixed,1.0,False,,kz,manual,True,True
"Оперативно сработали, порядок керек бәрібір",mixed,,mixed,1.0,False,,kz,manual,True,True
"Учитывая, что часть нарушений уже устранили, дұрыс шешім сияқты",mixed,,mixed,1.0,False,,kz,manual,True,True
"Норм неделя, полиция красавцы, боксшылар да қуантты",mixed,,mixed,1.0,False,,kz,manual,True,True
"Пожарные шапшаң келіп жатыр, бәрін бақылап тұр",mixed,,mixed,1.0,False,,kz,manual,True,True
"Иногда реально дышать нечем, қысқартқан дұрыс время на улице",mixed,,mixed,1.0,False,,kz,manual,True,True
"Молодец Бакытжан, қазақтың баласы Парижде жүлде алды ғой",mixed,,mixed,1.0,False,,kz,manual,True,True
"Тенге закрепить в Конституции — правильно, ұлттық валюта біржола айқын болады",mixed,,mixed,1.0,False,,kz,manual,True,True
"Хорошо, даму мен қауіпсіздік үшін маңызды кездесу екен. Жақсы бағыт сияқты.",mixed,,mixed,1.0,False,,kz,manual,True,True
"Интересные новости, мирде бәрі өзгеріп жатыр екен",mixed,,mixed,1.0,False,,kz,manual,True,True
"Сотрудничество с Пакистаном нам пайдалы — рынок ашылады, сауда күшейеді",mixed,,mixed,1.0,False,,kz,manual,True,True
Казахша тил билсе кз азаматын беруге болады ғой.,kz,,mixed,1.0,False,,kz,manual,True,True
"Хорошо, что заранее бәрін дайындап жатыр, көктемге дайындық маңызды",mixed,,mixed,1.0,False,,kz,manual,True,True
"С Пакистаном байланыс күшейсе, саудаға да пайдасы тиеді",mixed,,mixed,1.0,False,,kz,manual,True,True
"Сабыр, процесс жүріп жатыр ғо. Депутат түсіндіріп жатыр, бәрі заңға сай сияқты.",kz,,mixed,1.0,False,,kz,manual,True,True
"Спасибо за предупреждение, жолда абай болған дұрыс",mixed,,mixed,1.0,False,,kz,manual,True,True
"Видимо, жаңарту керек болған шығар",mixed,,mixed,1.0,False,,kz,manual,True,True
"Чуть-чуть өсті, бірақ қатты өзгеріс жоқ сияқты",mixed,,mixed,1.0,False,,kz,manual,True,True
Президент красавчик!!! Давно пора! Қазақстан алға!!!,mixed,,mixed,1.0,False,,kz,manual,True,True
"Работа кипит, решения принимаются, жаңа тағайындаулар да бар — қозғалыс бар, бәрі бақылауда",mixed,,mixed,1.0,False,,kz,manual,True,True
"Алга Лена , Алга Қазақстан  - удачи и успехов ..",mixed,,mixed,1.0,False,,kz,manual,True,True
"По делу говорит, безопасность бәрінен маңызды",mixed,,mixed,1.0,False,,kz,manual,True,True
"Видно, жаңа адам керек болған шығар",mixed,,mixed,1.0,False,,kz,manual,True,True
"Правильно сделали, безопасность балаларға бірінші орында",mixed,,mixed,1.0,False,,kz,manual,True,True
"Детей қорғау керек, цифрлық қауіпсіздікке мән беріп жатыр",mixed,,mixed,1.0,False,,kz,manual,True,True
"Для туризма үлкен плюс, елге келетін адам көбейеді",mixed,,mixed,1.0,False,,kz,manual,True,True
"Обновленная Конституцияға басымдық бергені дұрыс, заң саласында нақты қадам жасалып жатыр",mixed,,mixed,1.0,False,,kz,manual,True,True
"Ну, безопасность үшін жасап жатыр ғой",mixed,,mixed,1.0,False,,kz,manual,True,True
"Проверка идет, значит, бәрі ашық болады",mixed,,mixed,1.0,False,,kz,manual,True,True
"Серьёзные перемены идут, қоғам да қосылып жатыр, бастысы — бәрі ашық талқыланып жатыр",mixed,,mixed,1.0,False,,kz,manual,True,True
"Динамика прям мощная, глобальный рынок раскачал бәрін",mixed,,mixed,1.0,False,,kz,manual,True,True
"Хорошо, поздравляю. Тәжірибесі бар сияқты ",mixed,,mixed,1.0,False,,kz,manual,True,True
"Так держать, безопасность ребятқа маңызды, обновление керек еді",mixed,,mixed,1.0,False,,kz,manual,True,True
"Қарап жатыр, процесс жүріп жатыр ғо. Көрейік, қалай болар екен.",kz,,mixed,1.0,False,,kz,manual,True,True
"Ну, по погоде дұрыс шешім сияқты",mixed,,mixed,1.0,False,,kz,manual,True,True
"Удобно будет, аэропортқа дейін метро жетсе, халыққа жақсы болады",mixed,,mixed,1.0,False,,kz,manual,True,True
Теперь дипломмен Азия жаққа да жол ашылады екен,mixed,,mixed,1.0,False,,kz,manual,True,True
"Общие правила нужны, экспортқа қолайлы болады",mixed,,mixed,1.0,False,,kz,manual,True,True
"Сабыр сақтайық, процесс бақылауда ғой. Жағдайды министрлік қарап жатыр, экспортты да реттейді.",kz,,mixed,1.0,False,,kz,manual,True,True
"Поздравляю, тек сәттілік тілейміз! Сыйластығымыз жараса берсін",mixed,,mixed,1.0,False,,kz,manual,True,True
"Опыт есть, жұмысты алып кетеді",mixed,,mixed,1.0,False,,kz,manual,True,True
"Работает же система, синтетикаға қарсы шынымен шаралар бар екен",mixed,,mixed,1.0,False,,kz,manual,True,True
"Мынау кәдімгідей пайдалы инфо екен, бәрін уақытында жаңартып алған дұрыс",kz,,mixed,1.0,False,,kz,manual,True,True
"В Дании спокойно живут, сол себепті Америкаға асықпайды",mixed,,mixed,1.0,False,,kz,manual,True,True
"Не зарекайся, Алла тағала ешкімге ондай сынақ бермесін, олардың басындай қандай қиындықтар өткенін білмейсінғой!",mixed,,mixed,1.0,False,,kz,manual,True,True
"Соболезную родным, ауыр қайғы екен",mixed,,mixed,1.0,False,,kz,manual,True,True
Погоду қадағалап жүрген дұрыс екен,mixed,,mixed,1.0,False,,kz,manual,True,True
"Хорошо сработали, столько затыкали бы — улицы спокойнее болушь еді",mixed,,mixed,1.0,False,,kz,manual,True,True
"Разбираются уже, просто так ешкімді қамауға алмайды",mixed,,mixed,1.0,False,,kz,manual,True,True
"Нагрузка үлкен, но реагируют быстро, молодцы",mixed,,mixed,1.0,False,,kz,manual,True,True
"Бывает, техника задерживается, но аэропорт жұмыс істеп жатыр",mixed,,mixed,1.0,False,,kz,manual,True,True
"Погода да әсер еткен шығар, главное, аэропорт өз жұмысын стоп қоймай істеп жатыр",mixed,,mixed,1.0,False,,kz,manual,True,True
"Чуть жеңілдетілген сияқты, фермерлерге де жақсы бонус",mixed,,mixed,1.0,False,,kz,manual,True,True
"Защиту медиков күшейту керек еді, дұрыс қадам",mixed,,mixed,1.0,False,,kz,manual,True,True
"Внимательнее болу керек, переездда асықпау керек",mixed,,mixed,1.0,False,,kz,manual,True,True
"Удобно сделали, самому таңдауға мүмкіндік бар енді",mixed,,mixed,1.0,False,,kz,manual,True,True
Екі азамат аман есен табылсын,kz,,mixed,1.0,False,,kz,manual,True,True
"Логично, что КНБ подключили — инфобезопасность қазір маңызды же",mixed,,mixed,1.0,False,,kz,manual,True,True
"Посмотрим, что суд решеді, нақты деректер керек",mixed,,mixed,1.0,False,,kz,manual,True,True
Это правильно. Бауыржан Момышұлы — нағыз батыр ғо.,mixed,,mixed,1.0,False,,kz,manual,True,True
"Нормально, демалыс күндері жеткілікті екен",mixed,,mixed,1.0,False,,kz,manual,True,True
"Работают по-новому, прозрачность қосып жатыр, жаңа клиенттер тартылып жатыр ғой",mixed,,mixed,1.0,False,,kz,manual,True,True
"Давно надо было, врачтарды қорғау керек",mixed,,mixed,1.0,False,,kz,manual,True,True
"Молодец Абиба, мықты нәтиже показала",mixed,,mixed,1.0,False,,kz,manual,True,True
"Ну, пока хоть бағалар ұстап тұр ғой",mixed,,mixed,1.0,False,,kz,manual,True,True
"Вовремя поддержали малый бизнес, бухучет бәріне оңай болмайды ведь",mixed,,mixed,1.0,False,,kz,manual,True,True
"Нормально предупредили, балаларға абай болу керек екен",mixed,,mixed,1.0,False,,kz,manual,True,True
"Сондай-ақ Астана энергетика саласында, оның ішінде дәстүрлі ресурстарды «жасыл» технологиялармен ұштастыру бағытында жапондық инвестициялар мен озық тәжірибеге мүдделі екенін білдірді",kz,,mixed,1.0,False,,kz,manual,True,True
"Молодцы парни, жақсы нәтиже көрсетті ғой",mixed,,mixed,1.0,False,,kz,manual,True,True
"Астана прям жарқырайды екен, атмосферасы басқаша болайын деп тұр",mixed,,mixed,1.0,False,,kz,manual,True,True
"Вовремя обновили, юристтерге жеңілдік болады",mixed,,mixed,1.0,False,,kz,manual,True,True
"Без атома дальше не өсуге болмайды, заман соған келді",mixed,,mixed,1.0,False,,kz,manual,True,True
"Реально ерлік қой, осындай жігіттер аман жүрсін",mixed,,mixed,1.0,False,,kz,manual,True,True
"Работают, видно что ускоряют процесс, новые ВПУ заранее әкелгені дұрыс болған",mixed,,mixed,1.0,False,,kz,manual,True,True
Развязка көп салмаса болмайды автокөлік копүйіп жатыр,mixed,,mixed,1.0,False,,kz,manual,True,True
"С Ираном история қызық болды, архивтерден тағы не шығады екен",mixed,,mixed,1.0,False,,kz,manual,True,True
"Арест наложили, организатор қамауда — енді шығын қайтарылуы керек",mixed,,mixed,1.0,False,,kz,manual,True,True
"Вода — бәрімізге ортақ, дұрыс қадам",mixed,,mixed,1.0,False,,kz,manual,True,True
"Безопасность бірінші орында, дұрыс жасап жатыр",mixed,,mixed,1.0,False,,kz,manual,True,True
"МЧС быстро среагировали, инфо сразу берді",mixed,,mixed,1.0,False,,kz,manual,True,True
ТЖМ молодцы дурыс хабар бері,mixed,,mixed,1.0,False,,kz,manual,True,True
"Оперативно сработали, инфу бақылап отыр",mixed,,mixed,1.0,False,,kz,manual,True,True
"Полезная инфа, сейчас аферистов реально көп",mixed,,mixed,1.0,False,,kz,manual,True,True
"Теперь бәрі сотта шешіледі, қаралып жатыр",mixed,,mixed,1.0,False,,kz,manual,True,True
"Таза рабочая атмосфера лидеры жиналды, қауіпсіздік мәселелерін ашық айтты",mixed,,mixed,1.0,False,,kz,manual,True,True
"Иманы саламат болсын, Аллаһ алдынан жарылқасын. Ей бы жить да жить",mixed,,mixed,1.0,False,,kz,manual,True,True
"Мен, екі мемлекет арасындағы ынтымақтастық ты қолдаймын! Пусть будет мир во всём мире!",mixed,,mixed,1.0,False,,kz,manual,True,True
"Елена, гордимся тобой! Вдохновляешь всех нас своим примером. Алга, Қазақстан! ",mixed,,mixed,1.0,False,,kz,manual,True,True
"Работают нормально, техника жеткілікті екен",mixed,,mixed,1.0,False,,kz,manual,True,True
"Ай, өзің де тыныш жүрмейсіңбе басқа қалада Астанада жүрсің  слов нет ",mixed,,mixed,1.0,False,,kz,manual,True,True
"Красавчик парень, уважуха, что казахша үйреніп жүр,молодец",mixed,,mixed,1.0,False,,kz,manual,True,True
"Красота, конечно, космос — бөлек әлем",mixed,,mixed,1.0,False,,kz,manual,True,True
"Хорошо, что с Азербайджаном байланыс күшейіп жатыр",mixed,,mixed,1.0,False,,kz,manual,True,True
"Госинтерес защитили, прокуратура жұмысты дұрыс істеп жатыр екен",mixed,,mixed,1.0,False,,kz,manual,True,True
"Взаимные поездки теперь проще будут, қосымша мүмкіндік ашылады",mixed,,mixed,1.0,False,,kz,manual,True,True
"Видно, скрининг күшейту керек сияқты",mixed,,mixed,1.0,False,,kz,manual,True,True
"Нормально, теперь и порядок, и контроль күшейген сияқты",mixed,,mixed,1.0,False,,kz,manual,True,True
"Жақсы, теперь сот шешімін күтейік",mixed,,mixed,1.0,False,,kz,manual,True,True
"Хорошая инициатива, парки зеленее болады, студенттерге де, қалаға да ауа керек",mixed,,mixed,1.0,False,,kz,manual,True,True
"Послы обновляются, байланыс кеңейіп жатыр",mixed,,mixed,1.0,False,,kz,manual,True,True
"Ну, теперь очередь быстрее болады ғой, биометрия бәрібір керек нәрсе",mixed,,mixed,1.0,False,,kz,manual,True,True
"Хоть бы соғыс тоқтаса, халыққа азық жетсе екен",mixed,,mixed,1.0,False,,kz,manual,True,True
"Жақсы ой, осындай экожобалар керек-ақ",kz,,mixed,1.0,False,,kz,manual,True,True
Молодец Зангар! Қазақстанның атын шығарып жатыр.,mixed,,mixed,1.0,False,,kz,manual,True,True
"Везде шиеленіс, тыныштық жетіспейді екен",mixed,,mixed,1.0,False,,kz,manual,True,True
"Рабочие места болады, өңірге серпін береді",mixed,,mixed,1.0,False,,kz,manual,True,True
"Токаев молодец, осындай форумдар елге пайдасын береді",mixed,,mixed,1.0,False,,kz,manual,True,True
"Ну вообще логика бар, подделудан қорғау керек қой",mixed,,mixed,1.0,False,,kz,manual,True,True
"Керемет жеңіс, жарайсың Зангар! ",kz,,mixed,1.0,False,,kz,manual,True,True
Қайдағы участковый толпа жүр ғо,mixed,,mixed,1.0,False,,kz,manual,True,True
"Работают ребята, малышу шұғыл көмек жетті",mixed,,mixed,1.0,False,,kz,manual,True,True
"Мир не тыныш қой, әр жерде қозғалыс көп екен",mixed,,mixed,1.0,False,,kz,manual,True,True
"Для народа это прям жеңілдік, инфляцияны ұстап тұр ғой",mixed,,mixed,1.0,False,,kz,manual,True,True
"Сразу реагируют, раньше вообще внимания бермейтін еді",mixed,,mixed,1.0,False,,kz,manual,True,True
"За рулем тәртіп керек, әйтпесе шекарадан өтпейсің",mixed,,mixed,1.0,False,,kz,manual,True,True
"Всё правильно, антикорға нақты механизм керек еді",mixed,,mixed,1.0,False,,kz,manual,True,True
"Работа депутатов да оңай емес, бәрі ай сайын есеп береді, ақшасы соған сай бөлінеді",mixed,,mixed,1.0,False,,kz,manual,True,True
Неге қордан қаржы жұмсалады екен. Халық барлық құжаттарды ақысын төлеп алады емес пе? Жүргізуші куәлігін бағасын азайту керек демек.,kz,,mixed,1.0,False,,kz,manual,True,True
"Вовремя начали, соцобъекты бірінші қосылғаны дұрыс",mixed,,mixed,1.0,False,,kz,manual,True,True
"Порядок керек, заңды бұзғандар жауап береді",mixed,,mixed,1.0,False,,kz,manual,True,True
"Врачам стимул керек, медиктердің еңбегі бағаланғаны дұрыс қой",mixed,,mixed,1.0,False,,kz,manual,True,True
"Красавица, молодец же, үшінші медаль алып тұр",mixed,,mixed,1.0,False,,kz,manual,True,True
"Всё равно полиция қарап жатыр ғой, ұстайды әлі",mixed,,mixed,1.0,False,,kz,manual,True,True
"Удобно придумали, быстрее әрі қауіпсіз болады",mixed,,mixed,1.0,False,,kz,manual,True,True
"Зангар красавчик, әлемдік рейтингте өскені қуантады",mixed,,mixed,1.0,False,,kz,manual,True,True
"Правильно делают, қадағалау керек мұндайды",mixed,,mixed,1.0,False,,kz,manual,True,True
"По делу сказано, транзитті күшейту керек",mixed,,mixed,1.0,False,,kz,manual,True,True
"Вовремя начали, ИИ барлық салаға керек болады",mixed,,mixed,1.0,False,,kz,manual,True,True
"Реально комплексно қарап жатыр, оңтүстікте де, басқа аймақтарда да вариант бар екен",mixed,,mixed,1.0,False,,kz,manual,True,True
"Поддерживаю, порядок на дорогах керек, самокаты да ескерусіз қалмауы керек",mixed,,mixed,1.0,False,,kz,manual,True,True
"Ну, справедливо поднял, деньги дұрыс жұмсалса, халық көшпес еді",mixed,,mixed,1.0,False,,kz,manual,True,True
"Разберутся, полиция бәрін қарап жатыр",mixed,,mixed,1.0,False,,kz,manual,True,True
"Спасибо за инфу, ауа райын ескеріп жүрген дұрыс",mixed,,mixed,1.0,False,,kz,manual,True,True
"Интересно вообще, утром Трампқа да қарап қаласың, Афганистанға обал болған екен, Қытай мен Ресейдің видеосы да шу шығарған сияқты",mixed,,mixed,1.0,False,,kz,manual,True,True
"Чуть-чуть түсіп жатыр екен, байқалып тұр",mixed,,mixed,1.0,False,,kz,manual,True,True
"Болельщиков көп жиналды, команда барын салды",mixed,,mixed,1.0,False,,kz,manual,True,True
"Проверили, значит шу болған жоқ",mixed,,mixed,1.0,False,,kz,manual,True,True
"Рано шу шығарған сияқты бәрі, ресми түрде жоққа шығарды",mixed,,mixed,1.0,False,,kz,manual,True,True
"По делу говорит, фейкпен ойнауға болмайды",mixed,,mixed,1.0,False,,kz,manual,True,True
"Мир меняется, Қазақстанға да тиімді жағы бар",mixed,,mixed,1.0,False,,kz,manual,True,True
"Безопасность бәрінен маңызды, дұрыс айтып отыр",mixed,,mixed,1.0,False,,kz,manual,True,True
С Китаем жақсы қарым-қатынас бізге тек плюс,mixed,,mixed,1.0,False,,kz,manual,True,True
"Жалко парня, полиция тез арада қолға алған екен",mixed,,mixed,1.0,False,,kz,manual,True,True
"Опыт есть, аймаққа пайдасы тиеді",mixed,,mixed,1.0,False,,kz,manual,True,True
"Оперативно жеткен, кептеліс болмағанда тезірек өшіретін еді",mixed,,mixed,1.0,False,,kz,manual,True,True
"Видимо, басқа жоспар бар сияқты",mixed,,mixed,1.0,False,,kz,manual,True,True
"Молодцы парни, прям вплотную к Индии барған екен",mixed,,mixed,1.0,False,,kz,manual,True,True
"Серьезный масштаб, экономика реально алға жылжиды",mixed,,mixed,1.0,False,,kz,manual,True,True
"Хорошо, что с Иорданией жаңа бағыт ашылып жатыр, технология мен инвестиция келеді",mixed,,mixed,1.0,False,,kz,manual,True,True
Плюс еще бір елмен байланыс бекіп жатыр,mixed,,mixed,1.0,False,,kz,manual,True,True
"Интересно, жара еще біраз тұрады екен",mixed,,mixed,1.0,False,,kz,manual,True,True
"Хорошо, что с Таджикистаном диалог держим, аймақ үшін маңызды",mixed,,mixed,1.0,False,,kz,manual,True,True
"Красавцы, жігіттер күшті ойнады, жарады",mixed,,mixed,1.0,False,,kz,manual,True,True
"Нормально, теңге кішкене ұтып жатыр",mixed,,mixed,1.0,False,,kz,manual,True,True
"Состав боевой, шанс бар сияқты",mixed,,mixed,1.0,False,,kz,manual,True,True
"ДЧС быстро среагировали, воду беріп жатыр, күштірек болар енді",mixed,,mixed,1.0,False,,kz,manual,True,True
"Техника обновляется, кейін бәрі жақсы болады",mixed,,mixed,1.0,False,,kz,manual,True,True
"Спасибо, что предупредили, байқау керек екен.",mixed,,mixed,1.0,False,,kz,manual,True,True
"По делу же арестовали, порядки бәріне бірдей",mixed,,mixed,1.0,False,,kz,manual,True,True
"Молодец, Қазақстан атын шығарып жатыр",mixed,,mixed,1.0,False,,kz,manual,True,True
"Погода вообще не щадит, абай болыңдар",mixed,,mixed,1.0,False,,kz,manual,True,True
"Дружеские қатынас сақталды, көршімен осылай араласқан дұрыс",mixed,,mixed,1.0,False,,kz,manual,True,True
"Интересно придумали, интрига сақталып тұр",mixed,,mixed,1.0,False,,kz,manual,True,True
"Дружба с соседями всегда плюс, экономика мен мәдениетке де әсер етеді",mixed,,mixed,1.0,False,,kz,manual,True,True
"Дружба с соседями всегда плюс, экономика да и туризмге жақсы әсер етеді",mixed,,mixed,1.0,False,,kz,manual,True,True
"Китайские квадрики прям захватили рынок, техника енді қолжетімді боп кетті",mixed,,mixed,1.0,False,,kz,manual,True,True
"Семьям қолдау көрсетіп жатқаны дұрыс, қиын жағдай",mixed,,mixed,1.0,False,,kz,manual,True,True
"Пусть проверят, бақылау керек еді давно",mixed,,mixed,1.0,False,,kz,manual,True,True
Астана растет и укрепляется теперь и безопасность усилили  правильно говорят тыныштық болса бәрі болады,mixed,,mixed,1.0,False,,kz,manual,True,True
"Пусть договорятся уже, соғыс ұзаққа созылып кетті",mixed,,mixed,1.0,False,,kz,manual,True,True
"В такую погоду МЧС-қа сенім артамыз, қауіпсіздікке мән берген дұрыс",mixed,,mixed,1.0,False,,kz,manual,True,True
"Видно, табиғатпен жұмыс істеу керек, қауіпсіздік жағы да маңызды ғой",mixed,,mixed,1.0,False,,kz,manual,True,True
"Интересно, медведь даже в акиматқа келіп жүр екен",mixed,,mixed,1.0,False,,kz,manual,True,True
"Красавчик, мотивация реально бар екен жастарға",mixed,,mixed,1.0,False,,kz,manual,True,True
"Молодец, набираться тәжірибе осылай басталады екен",mixed,,mixed,1.0,False,,kz,manual,True,True
"Бывает, жауын құйса осылай болады, тиісті қызметтер қарап жатыр",mixed,,mixed,1.0,False,,kz,manual,True,True
"Ремонт нужен, потом жол дұрысталады",mixed,,mixed,1.0,False,,kz,manual,True,True
Налогка норм  тиын түсетін болды го,mixed,,mixed,1.0,False,,kz,manual,True,True
"Огонь, МЧС бәрін бақылап отыр ғой",mixed,,mixed,1.0,False,,kz,manual,True,True
"Красавчик вообще, өзіміздің жігіттер жарап жатыр",mixed,,mixed,1.0,False,,kz,manual,True,True
"Молодец Расул, на финалдық жекпе-жекте мінез көрсетті",mixed,,mixed,1.0,False,,kz,manual,True,True
"Правильно делают, зимаға сақ болу керек",mixed,,mixed,1.0,False,,kz,manual,True,True
"Занимаются делом, деньги қайтарылса жақсы екен",mixed,,mixed,1.0,False,,kz,manual,True,True
"Правильно, что прикрыли такую сеть, молодёқты да, елді де қорғайды",mixed,,mixed,1.0,False,,kz,manual,True,True
"Правильно сделали, это біздің елге керек емес нәрсе",mixed,,mixed,1.0,False,,kz,manual,True,True
"Наконец-то прямой канал на Европу будет, айти саласына жақсы серпін береді",mixed,,mixed,1.0,False,,kz,manual,True,True
"Вовремя решили, горы и так тыныс алмай жүр еді",mixed,,mixed,1.0,False,,kz,manual,True,True
"Правильно, что сразу вернули назад, стандарттан шықпаған өнім өтпеуі керек",mixed,,mixed,1.0,False,,kz,manual,True,True
Короче шыдаңдар қымбаттай береді деген сияқты ғой,mixed,,mixed,1.0,False,,kz,manual,True,True
"Рынок прозрачнее болады, ұсақ бизнеске де жеңілдік болады екен",mixed,,mixed,1.0,False,,kz,manual,True,True
Такие кездесулер әрдайым елге плюс болады,mixed,,mixed,1.0,False,,kz,manual,True,True
Как говорится: Қырғыз қазақ бір туған.,mixed,,mixed,1.0,False,,kz,manual,True,True
"Интересно, вулкан шестьсот лет тыныш тұрған екен ғой",mixed,,mixed,1.0,False,,kz,manual,True,True
"Контроль күшейіпті, бәрін қадағалап отыр ғой",mixed,,mixed,1.0,False,,kz,manual,True,True
"Опыт есть, атомды түсінеді, жарайды",mixed,,mixed,1.0,False,,kz,manual,True,True
"Актуальная штука, дезинформация қаптап кетті ғой",mixed,,mixed,1.0,False,,kz,manual,True,True
"Оперативно среагировали, порядок сақтау керек қой",mixed,,mixed,1.0,False,,kz,manual,True,True
"Влияет серьезно, доллар бәрібір өз дегенін істеп тұр ғой",mixed,,mixed,1.0,False,,kz,manual,True,True
Хорошие новости! Қазақ түрік бір туған!,mixed,,mixed,1.0,False,,kz,manual,True,True
"Активность есть, но просрочка тоже өсіп жатыр — осы жағына назар аудару керек сияқты",mixed,,mixed,1.0,False,,kz,manual,True,True
"Взялись серьезно, енді жауап болады",mixed,,mixed,1.0,False,,kz,manual,True,True
"Турецкие инвесторы реально двигают, больницы керек бізге, плюс транзиттен пайда болады",mixed,,mixed,1.0,False,,kz,manual,True,True
Молодец ! Жақсы адамға рахмет!,mixed,,mixed,1.0,False,,kz,manual,True,True
"Хорошо сработали и рыбак, и спасатели, бәрі аман шықты ғой",mixed,,mixed,1.0,False,,kz,manual,True,True
"Молодец Бублик, финалға шыққаны қуантады",mixed,,mixed,1.0,False,,kz,manual,True,True
"Люди ищут варианты, инвестиция мен бизнес үшін шетелге ақша аударудың жолы көбейіп тұр",mixed,,mixed,1.0,False,,kz,manual,True,True
"Жалко людей, соғыс ешкімге керек емес",mixed,,mixed,1.0,False,,kz,manual,True,True
Для нас Корея технология мен инвестиция жағынан маңызды партнер ғой,mixed,,mixed,1.0,False,,kz,manual,True,True
"Без обновления труб опять қыста проблема болар еді, дұрыс жасап жатыр",mixed,,mixed,1.0,False,,kz,manual,True,True
"Летом да, вакансий вроде меньше, но все равно шанс бар, қарап көру керек",mixed,,mixed,1.0,False,,kz,manual,True,True
"Реконструкция давно нужна была, потом быстрее өтеді бәрі",mixed,,mixed,1.0,False,,kz,manual,True,True
"Бдительнее болу керек екен, Нацбанк бақылап отыр",mixed,,mixed,1.0,False,,kz,manual,True,True
"Усиление такого сотрудничества логистику реально көтереді, транзитке жақсы әсер етеді",mixed,,mixed,1.0,False,,kz,manual,True,True
"С пенсиями двигаются, инфляцию да ескеріп жатыр",mixed,,mixed,1.0,False,,kz,manual,True,True
"Для дела делают, потом ыңғайлы болады",mixed,,mixed,1.0,False,,kz,manual,True,True
"Жесткое дело, жаза әділ болады деп сенем",mixed,,mixed,1.0,False,,kz,manual,True,True
"Опыт есть, награды да, Алматыға керек адам сияқты",mixed,,mixed,1.0,False,,kz,manual,True,True
"Опять аномальная жара, кондиционер керек бәріне",mixed,,mixed,1.0,False,,kz,manual,True,True
"Всем мира хочется, санкциялармен қорқытқаннан ешкім ұтпайды",mixed,,mixed,1.0,False,,kz,manual,True,True
"Реально крутая движуха, геологияны жастарға осылай насихаттау керек еді",mixed,,mixed,1.0,False,,kz,manual,True,True
"Сельское хозяйство мен білімде орын көп екен, жазда жұмыс табуға мүмкіндік бар",mixed,,mixed,1.0,False,,kz,manual,True,True
"Молодцы, мықты нәтиже показали — білімге мән беріп жатқанымыз көрініп тұр",mixed,,mixed,1.0,False,,kz,manual,True,True
"С Китаем и Өзбекстаном шекара ашық, жүк те, адамдар да тез өтетін болды, саудаға серпін береді",mixed,,mixed,1.0,False,,kz,manual,True,True
"Красавчик, молодец пацан, Қазақстанның аты шығып жатыр",mixed,,mixed,1.0,False,,kz,manual,True,True
"Молодец Ришат, мықты нәтиже показал среди әлемдік спортшылар",mixed,,mixed,1.0,False,,kz,manual,True,True
"Молодцы, қауіпсіздік үшін осындай жұмыс көрінбесе де маңызды",mixed,,mixed,1.0,False,,kz,manual,True,True
"Хорошо, что сроки и условия заранее озвучили — ребятам дайындалуға уақыт бар",mixed,,mixed,1.0,False,,kz,manual,True,True
Хозяина собак наказать строго и пусть выплатит крупную компенсацию мальчику. Серикбек аға батыр!!!!,mixed,,mixed,1.0,False,,kz,manual,True,True
"Жестко болып жатыр екен енді, сабыр тілейміз.",mixed,,mixed,1.0,False,,kz,manual,True,True
"Молодцы, так держать  алға ",mixed,,mixed,1.0,False,,kz,manual,True,True
"Дожди керек, бірақ жел мен град болмаса екен",mixed,,mixed,1.0,False,,kz,manual,True,True
По факту кінәлі болса қамау керек,mixed,,mixed,1.0,False,,kz,manual,True,True
"Бәрі уақытша нәрсе, тұрақталар скоро",mixed,,mixed,1.0,False,,kz,manual,True,True
По факту кінәлі болса қамау керек,mixed,,mixed,1.0,False,,kz,manual,True,True
По факту кінәлі болса қамау керек,mixed,,mixed,1.0,False,,kz,manual,True,True
Пока они подниметь инфляция тағы кетеді онан асып,mixed,,mixed,1.0,False,,kz,manual,True,True
"нормально, инфляция өсіп жатыр ғой, қазір дәл уақытында көтерген екен",mixed,,mixed,1.0,False,,kz,manual,True,True
"Осындай ""атаман сымақтар"" болмас ушін әр участоктағы мектеп директорлары, мұғалімдермен бірге, участок полициясы да болу керек. Балалар ішіндеде активистерді тартқан дұрыс. Бұрын комсомол, Пионер , октябрят деп отряд деп, тәрбиеге уйретуші еді, қазір соткамен байланыс болады, ата ана емес сол болды дұрыс айтар АҚВЛШЫЛАРЫ.",kz,,mixed,1.0,False,,kz,manual,True,True
"Реальный секторға қолдау дұрыс, экономика дамиды",mixed,,mixed,1.0,False,,kz,manual,True,True
"Район Персидского залива қатты ушығып кетті, соғыс болмаса екен",mixed,,mixed,1.0,False,,kz,manual,True,True
Частный самолет и егесі кім болды екен . Ол жағы айтылмайды ма ?,mixed,,mixed,1.0,False,,kz,manual,True,True
"Работают нормально, ОПГ-ға қарсы шара керек",mixed,,mixed,1.0,False,,kz,manual,True,True
"По закону правильно, врач жауап беруі керек",mixed,,mixed,1.0,False,,kz,manual,True,True
"8 жыл деген аз ғой, 15 жыл беру керек, 16 млн-да аз, 40-50 млн ілу керек еді. Адамды өмір бойына мүгедек жасағаны үшін.",kz,,mixed,1.0,False,,kz,manual,True,True
"Ситуация у Ирана и Израиля ушығып тұр, соғыс болмаса екен",mixed,,mixed,1.0,False,,kz,manual,True,True
"Экспорт идет, производство дамып жатыр, жақсы жаңалық",mixed,,mixed,1.0,False,,kz,manual,True,True
По факту кінәлі болса қамау керек,mixed,,mixed,1.0,False,,kz,manual,True,True
"Құтты болсын, опыт жетеді логичное назначение деп ойлаймын",mixed,,mixed,1.0,False,,kz,manual,True,True
"Жаксылыкову рахмет, новому министру сәттілік, назначения хорошие, МЧС молодцы, спортсменам респект",mixed,,mixed,1.0,False,,kz,manual,True,True
"Құтты болсын, опыт жетеді логичное назначение деп ойлаймын",mixed,,mixed,1.0,False,,kz,manual,True,True
"Главное, что жертвалар жоқ екен",mixed,,mixed,1.0,False,,kz,manual,True,True
Шимкент жанып баражатқан самолёт сыяқты көрінеді екен,mixed,,mixed,1.0,False,,kz,manual,True,True
"Руанда наш ближайший стратегический партнёр, нам есть куда стремиться!Руанда мен Қазақстан бір туған!",mixed,,mixed,1.0,False,,kz,manual,True,True
Гена родной наш красавчик!  Еркексін Гена,mixed,,mixed,1.0,False,,kz,manual,True,True
"Древнейший народ, бәрін көрген ел ғой, Қытайды ешкім баса алмайды",mixed,,mixed,1.0,False,,kz,manual,True,True
"көлік, әділет, энергетика, цифрландыру және инфрақұрылым салаларын қамтитын меморандумдар мен келісімдер – болашақтағы ірі жобалардың негізін қалап отыр. «Самұрық-Қазына» ұлттық әл-ауқат қоры мен бірнеше БАӘ компаниялары арасында жасалған келісімдер энергия сақтау, мұнай-газ саласын цифрландыру, коммерциялық банкинг және көлік логистикасы бағыттарында Қазақстанның технологиялық және экономикалық әлеуетін дамытуға бағытталған.",kz,,mixed,1.0,False,,kz,manual,True,True
"Эфиры видел, біздің сарбаздар бөлек қой ",mixed,,mixed,1.0,False,,kz,manual,True,True
"Мыкты өтті біздің жігіттер.Честь и слава всем,кто отдал жизнь за Победу",mixed,,mixed,1.0,False,,kz,manual,True,True
"школа мәселесі дұрыс қозғалды, балалардың денсаулығы мен білімі бәрінен маңызды",mixed,,mixed,1.0,False,,kz,manual,True,True
"Ержан Саденов кім екен ? Толық ақпарат берсеңіздер екен , мүмкін көршісі ма или қасындағы жүрген досы ма",kz,,mixed,1.0,False,,kz,manual,True,True
"Удивило что среди миротворцев есть и девушки. Осындай қыздарды көрген кезде Әлия, Мәншүк, Хиуаз сияқты батыр қыздарымыз еске түседі. Огромное уважение и респект",mixed,,mixed,1.0,False,,kz,manual,True,True
"Наличными дегені қалай кетті, тоже перешли на нал ",mixed,,mixed,1.0,False,,kz,manual,True,True
"Всегда вовремя, раньше срока алып келіп береді доставканы",mixed,,mixed,1.0,False,,kz,manual,True,True
"..как рассказывали старшие братаны, служившие на флоте: палубада төбелескенде бір қолмен ұрамыз, екінші қолда шелекпен су алып жүреміз. Жұдырық соққыдан әбден қызып кеткенде, пшшш-етіп шелекке малып аламыз",mixed,,mixed,1.0,False,,kz,manual,True,True
"Ақша ұрлағандар шетел асып қашып жатады ғой обычно, вот сондайларға қарсы жақсы заң екен",mixed,,mixed,1.0,False,,kz,manual,True,True
"Главное, чтобы люди побыстрее вернулись к обычной жизни, күш-қуат берсін баршаңызға",mixed,,mixed,1.0,False,,kz,manual,True,True
"Дұрыс, ондай нәрсенің алдын алмас, потом могут быть серьезные последствия",mixed,,mixed,1.0,False,,kz,manual,True,True
"Контракты на 1,1 трлн тг – это сильный вклад в развитие местных компаний. Когда бизнес поддерживают, он растёт, создаёт рабочие места, экономика становится крепче. Бұл бағыт жалғаса берсе, отандық кәсіпкерлерге үлкен мүмкіндік",mixed,,mixed,1.0,False,,kz,manual,True,True
"Сәттілік енді, ертең біраз мәселе көтерілетін сияқты ғой) Прямой трансляция болғанда тема болатын еді",mixed,,mixed,1.0,False,,kz,manual,True,True
"Бабаларымыз да осылай жиналып, елдің болашағын ойлаған! Как круто, что традиции предков возрождаются на новом уровне. Ұлы дала рухы мәңгі жасасын!",mixed,,mixed,1.0,False,,kz,manual,True,True
Пресс службада істеген ғой. Че по чем ненің қалай екенін біледі. Үйренісіп кетеді,mixed,,mixed,1.0,False,,kz,manual,True,True
"Нормально, что создают рабочие места, молодежь сможет устроиться. Мысалы, мен де осы жұмыстарға қосылып қалуым мүмкін!",mixed,,mixed,1.0,False,,kz,manual,True,True
" Красиво сказано, әйел адамды құрметтеу – әр ер азаматтың міндеті. Анаң аман болса, өмірің де жарық. Барша қыз-келіншектерді шын жүректен құттықтаймыз!",mixed,,mixed,1.0,False,,kz,manual,True,True
"Тапсырма берілді, жоспар бар, будем ждать результатов",mixed,,mixed,1.0,False,,kz,manual,True,True
608 жазасын жеңілдету керек арак ишкен мөлшері карап без дтп,mixed,,mixed,1.0,False,,kz,manual,True,True
"7 жыл өте көп, қайта қаралсын 608 бап, халық қиналып кетті права жоқ,  кун көру қйын",mixed,,mixed,1.0,False,,kz,manual,True,True
Еще и оркестрмен гимн орындаған,mixed,,mixed,1.0,False,,kz,manual,True,True
Государственные связи – это стабильность и новые возможности. Жақсы жаңалық күтеміз,mixed,,mixed,1.0,False,,kz,manual,True,True
"Армия – мектеп жизни, бір жыл көзді ашып-жұмғанша өте шығады. Ең бастысы – тәртіп пен шыдамдылық",mixed,,mixed,1.0,False,,kz,manual,True,True
Воинский службаға қанша адам шақырылады екен биыл,mixed,,mixed,1.0,False,,kz,manual,True,True
"Құтты болсын Руся, удачи тебе",mixed,,mixed,1.0,False,,kz,manual,True,True
"Осыған дейін де советник болып еді ғой, қайта сайлаған болса, лайық болып тұр ғой.",kz,,mixed,1.0,False,,kz,manual,True,True
"Бір жағынан Саировтыкі де дұрыс, слишком завышать етуге де себеп жоқ, но, если сапасы, бағасына тұратын болса, почему бы и нет) Здесь главное чтобы левых не было.",mixed,,mixed,1.0,False,,kz,manual,True,True
"""Социальный кошелек"" деген проект қызық. Егер бәрі цифрланса, төлемдер де жылдам, удобный болар еді",mixed,,mixed,1.0,False,,kz,manual,True,True
"Неплохо неплохо, қазір жастардың жан жақты дамуына барлық жағдай жасалып жатыр",mixed,,mixed,1.0,False,,kz,manual,True,True
"Құтты болсын, думаю достойна этой должности",mixed,,mixed,1.0,False,,kz,manual,True,True
Біріншісін бастап бітірмей екінішісіне кірісіп жатырма? Дележка началась дегендей,mixed,,mixed,1.0,False,,kz,manual,True,True
Күзде ЛРТда двигаться будем получается,mixed,,mixed,1.0,False,,kz,manual,True,True
Малый и средний бизнесты дамыту арқылы өзгеріс енгізуге болады негізі.,mixed,,mixed,1.0,False,,kz,manual,True,True
"Бәрі жақсы болады деп үміттенемін. Интересно, про инфляцию что скажут.",mixed,,mixed,1.0,False,,kz,manual,True,True
"Шүкір, дело закончили. Ждем суда и справедливого приговора.",mixed,,mixed,1.0,False,,kz,manual,True,True
"Әп әдемі форма ғой, мне понравилось",mixed,,mixed,1.0,False,,kz,manual,True,True
Мировой эксперттермен тәжірибе алмасқан өзімізге жақсы,mixed,,mixed,1.0,False,,kz,manual,True,True
"С Рождеством, православные! Құтты болсын!",mixed,,mixed,1.0,False,,kz,manual,True,True
Умница. Аллаһ Тағала балаларымызды тіл-көзден сақтасын ,mixed,,mixed,1.0,False,,kz,manual,True,True
Досрочный выборы несі Хорошо справляется же со своими обязанностями. Осы кісі келгелі елімізді біршама өзгерістер орын алды в лучшую сторону,mixed,,mixed,1.0,False,,kz,manual,True,True
"Вроде қонып жатқан сияқты еді, бір сбой болған сияқты ғой, қатты скоростьпен соғылғанына қарасақ",mixed,,mixed,1.0,False,,kz,manual,True,True
Бұл жерде дәрігерлердің де еңбегі зор екенін атап өту керек,kz,,mixed,1.0,False,,kz,manual,True,True
Инна лиллаhи уа Инна илайһи рожиъун!  Пусть Всевышний АЛЛАҺ одарит их раем!,mixed,,mixed,1.0,False,,kz,manual,True,True
Парламенттің 28 заң қабылдағаны қуантады. Ең бастысы — халыққа пайдасы.Съезд лидеров әлемдік діндер — бұл еліміз үшін үлкен абырой. Сенаттың бұл бағытта дайындық жасап жатқаны қуантады.,kz,,mixed,1.0,False,,kz,manual,True,True
"Мен рыбактарды вообще түсінбим. Жұқа мұз, күн боран деп хабарлама жіберседе балық аулап отырады. Сосын паника шығарад.",mixed,,mixed,1.0,False,,kz,manual,True,True
Как так((( Аллах Тағала шипасын берсін,mixed,,mixed,1.0,False,,kz,manual,True,True
"Обрабатывающая промышленностьке көңіл бөлініп жатқаны жақсы. Өзімізде сапалы өнім өндірсек, импортқа тәуелділікті азайтамыз.",mixed,,mixed,1.0,False,,kz,manual,True,True
60 шақты мероприятие өтіпті ғой,mixed,,mixed,1.0,False,,kz,manual,True,True
"Ешқандай сот оның талаптарын қанағаттандырмайды, сұрап отырған ақша несоразмерно",mixed,,mixed,1.0,False,,kz,manual,True,True
"Қазіргі жағдайда бірінші қауіпсіздікті ойлауымыз керек , елге аман есен оралсын",kz,,mixed,1.0,False,,kz,manual,True,True
Қазақтар любой жерде жүреді дейсің ғой,mixed,,mixed,1.0,False,,kz,manual,True,True
"2 млрд болса , жазасыз құтыла салады екен. Интересно",mixed,,mixed,1.0,False,,kz,manual,True,True
"Жасанды интеллект пен «үлкен деректерді» пайдалану арқылы ғана өндірістің барлық кезеңінде дәл есептеу, бақылау мен болжау мүмкін болмақ",kz,,mixed,1.0,False,,kz,manual,True,True
Енді прямой рейстар ашылатын шығар,mixed,,mixed,1.0,False,,kz,manual,True,True
"жекелерде бардак, ктж ның поездары нормально, вагондарын жаңартып жатыр",mixed,,mixed,1.0,False,,kz,manual,True,True
Құтты болсын. Профессионал своего дела,mixed,,mixed,1.0,False,,kz,manual,True,True
Президентіміздің интеллектуалдық спорт түрлерін қолдауы – жастарымызға үлкен мүмкіндік.,kz,,mixed,1.0,False,,kz,manual,True,True
"Кутты Болсын дегендерге сұрақ, ойынды көрдіңдерма вообще, ұят нәрсе ғой бүл ойын емес ",mixed,,mixed,1.0,False,,kz,manual,True,True
С праздником!  Конституция күнімен құттықтаймын!,mixed,,mixed,1.0,False,,kz,manual,True,True
Кстати Билайн   қазақ тілінде сөйлейді екен ,mixed,,mixed,1.0,False,,kz,manual,True,True
"Смс арқылы код ватсап деп келіп жатыр, не ол иин ды жаз деп 4404 тен. Кімге келді тағы ",kz,,mixed,1.0,False,,kz,manual,True,True
Ия қорқа бермей салу керек уже,mixed,,mixed,1.0,False,,kz,manual,True,True
"Аға, потому что сказка это",mixed,,mixed,1.0,False,,kz,manual,True,True
И у всех техникалық причинасы,mixed,,mixed,1.0,False,,kz,manual,True,True
"Бесплатно деп,адамдарды ұрлап жатқан жоқпа?",mixed,,mixed,1.0,False,,kz,manual,True,True
"Ок, конфисковали, а штраф зачем? Оставьте ему эти 10000 долл. Біздегілер тек өз қазағымызға, және қарапайым халыққа ғана әлі келеді. Әйтпесе қайдан әкімдерде Дубайда бірнеше пәтер? Тек айлыққа жұмыс істегендер",mixed,,mixed,1.0,False,,kz,manual,True,True
Цепочка Соколов или Люченте қайсысында арзан?,mixed,,mixed,1.0,False,,kz,manual,True,True
"Стартовый капитал алу үшін, баланыз 5 жасқа толатын болса, әлде 5 жастан кіші болса страховой компанияға барып полис ашасыз, ең дұрысы сол. Банкте де ашуға болады, бірақ сіз уақытында жылдық  төлемді төлемесеніз Үкіметінің қосымша беретін 5-7,% косылмайды. Сондықтан страховой компанияны таңдадық",mixed,,mixed,1.0,False,,kz,manual,True,True
Честно айтайын дубайский шоколадтарын сиырдын боғы сияқты екен на вид,mixed,,mixed,1.0,False,,kz,manual,True,True
Загран есть .  қалтаға 50000 салып алып барып келу керек еді,mixed,,mixed,1.0,False,,kz,manual,True,True
"Видеолар үшін көп рахмет, ребята",mixed,,mixed,1.0,False,,kz,manual,True,True
"Молодец,  это огромное достижение! Алға Қазақстан ",mixed,,mixed,1.0,False,,kz,manual,True,True
дикий арман деген бала кішкентай бандитың рөлін ойнап жүрген,mixed,,mixed,1.0,False,,kz,manual,True,True
Здесь только наш интерес. Тек ғана Қазақстан,mixed,,mixed,1.0,False,,kz,manual,True,True
"Сәлеметсізбе, қалайсыз, жақсы, сау болыңыз и всё",mixed,,mixed,1.0,False,,kz,manual,True,True
"Что за пессимизм? Надо быть уверенным и победить!!! Алға, Қазақстан ",mixed,,mixed,1.0,False,,kz,manual,True,True
"Че за пессимизм, алға Қазақстан!!!",mixed,,mixed,1.0,False,,kz,manual,True,True
"Комитет құрылды дегенді оқып, бөлек орган құрылғандай қабылдапты. О бастан ТЖМ құрамында  Департамент болған, ал қазір жергілікті атқарушы органдардың төтенше жағдайды алдын алу бойынша атқарған шараларын бақылау функциясы енгізіліп Комитет құрылған",kz,,mixed,1.0,False,,kz,manual,True,True
Баяндаманы жақсы жасаған екен. только продолжительность???,mixed,,mixed,1.0,False,,kz,manual,True,True
Молодец Юлия жеңісің құтты болсын тек Алға ,mixed,,mixed,1.0,False,,kz,manual,True,True
ШОС саммиті еліміздің халықаралық аренада маңызды орын алатынын тағы да дәлелдеді.,kz,,mixed,1.0,False,,kz,manual,True,True
Болашаққа деген оптимизм ШОС елдерінің ынтымақтастығын нығайтуға негіз болады.,kz,,mixed,1.0,False,,kz,manual,True,True
Мы сына назвали Ердоған . Осы кісі сияқты әділ болсын деп ,mixed,,mixed,1.0,False,,kz,manual,True,True
"Токаев пен Си Цзиньпиннің кездесуінде маңызды межпартийных, межгосударственных, межведомственных және коммерциялық келісімдерге қол қойылды.",mixed,,mixed,1.0,False,,kz,manual,True,True
Сәттілік тілеймізАктивизация культурно-гуманитарных контактов также подчеркивает всесторонний характер отношений между Казахстаном и Китаем,mixed,,mixed,1.0,False,,kz,manual,True,True
Кульгиновымыз қайда  что-то начинаю скучать ,mixed,,mixed,1.0,False,,kz,manual,True,True
Қай бір халыққа жақсы болсын деп ойлап жүр... Атқамінерлер тонировканың артына жасырыңғысы келгесін лазейка іздеп жатырғо,kz,,mixed,1.0,False,,kz,manual,True,True
Суд - әділдіктің кепілі және азаматтардың құқықтары мен бостандықтарын қорғаудың негізі,kz,,mixed,1.0,False,,kz,manual,True,True
"После пожар қойған ғой мына знакты, водитель көріп тұрып өзіні жан ұясыны апарып түспейтін шығар, талайын көргем без знак жасағандарын жол ремонт болсын басқа болсын",mixed,,mixed,1.0,False,,kz,manual,True,True
Мы должны гордится своим президентом! Он есть гарант мира  для нашего народа. Президентіміз аман сау болсын әр қашанда!,mixed,,mixed,1.0,False,,kz,manual,True,True
"Дұрыс қой, надо жестко контролировать и пресекать подобные случаи.",mixed,,mixed,1.0,False,,kz,manual,True,True
"Сингапурға барғаны дұрыс болған сияқтығо,бірақ поддержка беріп жатыр",mixed,,mixed,1.0,False,,kz,manual,True,True
"жаңа қалағо ,поддержка беріп жатса,жақсы болған екен онда",mixed,,mixed,1.0,False,,kz,manual,True,True
"Развития нашему новому городу, Сингапурдың жолын бассын ",mixed,,mixed,1.0,False,,kz,manual,True,True
"Шай ішіп отырып дым сезбедім если честно, 5этаж",mixed,,mixed,1.0,False,,kz,manual,True,True
Соншама акшаны халыктан аямаганда бұндай болмаушы еди! Жадность погубит фраера деген осы,mixed,,mixed,1.0,False,,kz,manual,True,True
Құтты болсын! Удачи тебе. Ел аман  тыныш заман болсын.,mixed,,mixed,1.0,False,,kz,manual,True,True
"Кредиттерінен босатпайды ма, қандай отсрочка?",mixed,,mixed,1.0,False,,kz,manual,True,True
спортқа поддержка бергені жақсығо негізі тем более хокке бізде нормально дамыған,mixed,,mixed,1.0,False,,kz,manual,True,True
"Права Райхан, очень жаль обоих, у Куандыка был аффект это понятно всем!!! Алла есіркесінКуандықты! Салтанаттың жатқан жері жайлы болсын!!!",mixed,,mixed,1.0,False,,kz,manual,True,True
"Астананың айналасы жап жасыл болды да қалды! Жылда смородина, облепиха жинайды туыстарымыз Тамаша бастама ғой, жел де азаяды қыста",kz,,mixed,1.0,False,,kz,manual,True,True
"Қап,  өте  өкініштісі,  бір  де  гол   не  забили !",mixed,,mixed,1.0,False,,kz,manual,True,True
Инна Лилляхи уа Инна иляйхи роджиғун. Пусть Аллаһ смилуется надо ним,mixed,,mixed,1.0,False,,kz,manual,True,True
Безнаказанность! Бетімен кетеді осылай. Кейін адам өлтіреді...,mixed,,mixed,1.0,False,,kz,manual,True,True
"Трассаға ұқсамайды, қара (грунтовая) жол!",mixed,,mixed,1.0,False,,kz,manual,True,True
"1-3 бала дүниеге әкелген аналарға мүлде көмек жоқ, заң алдында барлық аналар неліктен тең емес, не үйге, не көмекке, не бір басқа шаруаға қолдарын жеткізе алмай жүр, ол аналардың кінәсі не?",kz,,mixed,1.0,False,,kz,manual,True,True
Құтты болсын!!! Профессионал своего дела!!!,mixed,,mixed,1.0,False,,kz,manual,True,True
7-8 жыл бұрын Синй кит ойыны кезінде утечка болған,mixed,,mixed,1.0,False,,kz,manual,True,True
Қатын би болады!  Ещё ушатын Қатын,mixed,,mixed,1.0,False,,kz,manual,True,True
Встречаны почти толық көрдім. Сот пен прокуратураға шағымдар көп болды. Мына кісінің картинасы бір көңілді көтерді,mixed,,mixed,1.0,False,,kz,manual,True,True
Не жумысы бар біреудің қалтасында? Тем более чемпион,mixed,,mixed,1.0,False,,kz,manual,True,True
"Қоймайды е бұларды, Антикордан мүлдем қорықпайды ғой, без страха через порталмен миллиондап тығып жатыр. Емое...",mixed,,mixed,1.0,False,,kz,manual,True,True
"Алла сақтасын! А мы та думали, что только мужчины тираны",mixed,,mixed,1.0,False,,kz,manual,True,True
"Балл десе қорқатын болдық қой, хорошо что пробки",mixed,,mixed,1.0,False,,kz,manual,True,True
Давно алып алу керек еді,mixed,,mixed,1.0,False,,kz,manual,True,True
Молодцы пилотыреакция у всех  Аман болайық ,mixed,,mixed,1.0,False,,kz,manual,True,True
"Откуда знают будет повтор или нет , бір Алла біледі",mixed,,mixed,1.0,False,,kz,manual,True,True
Тек Ломтадзе ға претензия жоқ! Қалғаны полностью прогнившие Нақұрыстар,mixed,,mixed,1.0,False,,kz,manual,True,True
"Как интересно он должен будет платить алименты если его лишили зароботка абсурд.Есть поговорка :шәш ал десе бас лады(попросишь постричь ,а он голову отсечет )",mixed,,mixed,1.0,False,,kz,manual,True,True
"Ассалаумағалейкум! Бастысы, аман есен оралсыншы, әскери тәжірибе деңгейін көтеріп, елімізге келіп қалғандарына үйретсе көп септігін тигізер еді,  қазір әлем бойынша тыныш болмай тұр, бәріне сәттілік! Әр ҚАЗАҒЫМ жалғызым!",kz,,mixed,1.0,False,,kz,manual,True,True
мчс те дұрыс техника жоқ екен,kz,,mixed,1.0,False,,kz,manual,True,True
"Компания басшылығын қолдауға болады, себебі ереуілшілдер уже басқа шығып бастады",kz,,mixed,1.0,False,,kz,manual,True,True
52 ляма на ветер деген осығой,mixed,,mixed,1.0,False,,kz,manual,True,True
"ужасс,  өрттен зардап шеккендерге көңіл айтамыз",mixed,,mixed,1.0,False,,kz,manual,True,True
"Вторая наша красавица, победила в этом году, құтты болсын ",mixed,,mixed,1.0,False,,kz,manual,True,True
дым техника жоққой бәрін жегенба,mixed,,mixed,1.0,False,,kz,manual,True,True
Еңбегін багаламайды олардын. График плотный,mixed,,mixed,1.0,False,,kz,manual,True,True
"Осындай радикалдарды алдын ала устаган жаксы болыпты, айтпесе не булдиретинин бұнын",kz,,mixed,1.0,False,,kz,manual,True,True
"Да что за формулировки ""должны"" то, ""должны"" сё. ""Должны"" язык знать, должны за свет, должны за газ,  Халық Құдайдың тегін берген ресурстарын алып жатыр, ал біз бәріне салық төлеуіміз керек. Мүмкін басқа би үшін полька немесе украин хопағын билей аламын. А не пойти ли вам, господа, вдоль по Питерской,Питерской, Питерской...",mixed,,mixed,1.0,False,,kz,manual,True,True
От старого Казахстана к Жаңа Қазақстану.,mixed,,mixed,1.0,False,,kz,manual,True,True
"Ураааа красавчик!!! Қүтты болсын!!! Здороаья Шавкату, силы, терпения , счастья",mixed,,mixed,1.0,False,,kz,manual,True,True
"Рахмет, сіздерге аллам разы болсын. Мынадай аязда боранда жүргеннің, жұмыс жасап жүргеннің өзі ерлік. Оқып отырып, көріп отырып жолға шығатындарға аллам ақыл берсін. Өзім естідім ""Өтірік, жол таза, жүруге болады, шығаберіңдер, күтіп аламыз ғой"" деген жүргізушінің сөзін. Жаным-ау, өзің шқпайсыңба біреуді шығарма. Тыныш жүр.",kz,,mixed,1.0,False,,kz,manual,True,True
Всю жизнь чмо болып жүре берем из ба?,mixed,,mixed,1.0,False,,kz,manual,True,True
"Мен сияқты екен, всех приглашает ",mixed,,mixed,1.0,False,,kz,manual,True,True
Обсуждать еткеннен басқа не білесіңдер,mixed,,mixed,1.0,False,,kz,manual,True,True
Еще 6 минут есть забьют наши Алға Қазақстан,mixed,,mixed,1.0,False,,kz,manual,True,True
"Женщины, которые вышли замуж за иностранца, уже не граждане Қазақстана. Каждый выбирает свою дорогу, каждый архитектор своей судьбы. Оларды бекер елге қайтарып жатыр біздің билік. Қалғанға үлгі болсын, елден кеткендерді қорғау, Үкімет қорғау тиісті емес.",mixed,,mixed,1.0,False,,kz,manual,True,True
Кұран бағыштау керек а не минуту молчание,mixed,,mixed,1.0,False,,kz,manual,True,True
Бұлар кім? Танымал рок-музыкант? Естімеппін.,mixed,,mixed,1.0,False,,kz,manual,True,True
Ну надо же а міне біздің жігіттер жігіттер...,mixed,,mixed,1.0,False,,kz,manual,True,True
"Фашист ты,  а не казах!!  Оңбаған сол.",mixed,,mixed,1.0,False,,kz,manual,True,True
Удачи желаю Нашим!!! АЛҒА ҚАЗАҚСТАН!!!,mixed,,mixed,1.0,False,,kz,manual,True,True
"Екі ел арасындағы қақтысығысты шешуге қауіпсіздік комитетінің шамасы келмесе жаңаша реформа құрып, шиеленісті шешуге талпыну керек",kz,,mixed,1.0,False,,kz,manual,True,True
"Там есть минус 
Басқа универге грантпен ауыса алмайсың 
Бітіргесін отработка чисто Атырауда",mixed,,mixed,1.0,False,,kz,manual,True,True
4 еуіде по общему конкурсу жазсаң біреуіне түспесең автоматом ешқайсына түспейсің,mixed,,mixed,1.0,False,,ru,manual,True,True
"Есть спец гранты готорые выделяются отдельным вузам а есть общие 

Оған тоже смотри",mixed,,mixed,1.0,False,,ru,manual,True,True
Сразу Арсен көкеге жазу керек екенғой,mixed,,mixed,1.0,False,,kz,manual,True,True
короче жинаған баллына карап шешесинго примерно,mixed,,mixed,1.0,False,,kz,manual,True,True
4 еуіде по общему конкурсу жазсаң біреуіне түспесең автоматом ешқайсына түспейсің,mixed,,mixed,1.0,False,,ru,manual,True,True
"Есть спец гранты готорые выделяются отдельным вузам а есть общие 

Оған тоже смотри",mixed,,mixed,1.0,False,,ru,manual,True,True
Типо әріптері сәйкес болса болды на,mixed,,mixed,1.0,False,,kz,manual,True,True
Не в тему 5 формуланы қосып екі формула шығарып,mixed,,mixed,1.0,False,,kz,manual,True,True
Резюмеңде опыт работы орнына жазатындай екен,mixed,,mixed,1.0,False,,kz,manual,True,True
Просто ондай адам көп болады деп ойламағанда сияқты,mixed,,mixed,1.0,False,,kz,manual,True,True
о это тот самый который алты жеті?,mixed,,mixed,1.0,False,,ru,manual,True,True
Пирожокқа прем жетпей жүр екенғой,kz,,mixed,1.0,False,,kz,manual,True,True
И аиту и министерства қосыппа,mixed,,mixed,1.0,False,,ru,manual,True,True
Көп Не люблю шумные места,mixed,,mixed,1.0,False,,kz,manual,True,True
В терең ой бы мы хрен расаечатали бы что то,mixed,,mixed,1.0,False,,ru,manual,True,True
"Просто купить новый айфон, сонымен бітті",mixed,,mixed,1.0,False,,kz,manual,True,True
Для Казахстана тфу мә дит,mixed,,mixed,1.0,False,,kz,manual,True,True
Там на сайте болмаса организаторларынан сұрамасаң,mixed,,mixed,1.0,False,,ru,manual,True,True
"Где наши президенты 
Чёт көрінбейді, жазып тұратын еді",mixed,,mixed,1.0,False,,kz,manual,True,True
3 апта группа өлема енді,mixed,,mixed,1.0,False,,kz,manual,True,True
что за гений поставил название тимы алты-жеті,mixed,,mixed,1.0,False,,ru,manual,True,True
"4.0 де топ 7 болдық 

Хотябы үштікке кіру керек болып тұр",mixed,,mixed,1.0,False,,kz,manual,True,True
Это же даёт тебе мотивацию Астанаға көшуге,mixed,,mixed,1.0,False,,ru,manual,True,True
По сути мы бірнеше тілді араластырып ұра береміз,mixed,,mixed,1.0,False,,kz,manual,True,True
"Ну, как сказать  

Керек болады түсіндіруге сенің решениеңді",mixed,,mixed,1.0,False,,kz,manual,True,True
"Білмедім сол, пока к создании модели не приступил, Использую грок апи и отправляю запросы",mixed,,mixed,1.0,False,,ru,manual,True,True
А можно поменять с индрайв на әлем?,mixed,,mixed,1.0,False,,ru,manual,True,True
"Қызғалдақ закрыт смертным до 14/00 

А в хаб идти можете там можно посидеть поработать",mixed,,mixed,1.0,False,,ru,manual,True,True
27сі барып не істимңз ващее,mixed,,mixed,1.0,False,,kz,manual,True,True
"Күлмеңдер! Не показывайте сразу всю токсичность тем, кто только зашел, емаааа.. позорымды шыгармандар ееее",mixed,,mixed,1.0,False,,ru,manual,True,True
"Бәсе, где то видел. Рахмет",mixed,,mixed,1.0,False,,kz,manual,True,True
"децентратоновцы, long time no әңгіме 

как вы там? пишите в комментах какие у вас новости, а мы тут к вам с возможностью 

есть ли среди вас **челики битмейкеры**? у нас тут кое-что интересное и нужно сделать jingle 

кому интересно пишите @aneyeol",mixed,,mixed,1.0,False,,ru,manual,True,True
Қоя сал. От вашей энергии андронный коллайдер питается,mixed,,mixed,1.0,False,,kz,manual,True,True
"Всем Сәлем!  Ищю людей от 15 до 25 лет, на короткое интервью (~30 мин) о том, какие есть у молодёжи проблемы с казахским в бытовом общении.  Интересно(?), напиши в ЛС ",mixed,,mixed,1.0,False,,ru,manual,True,True
"У кого есть вся коллекция, вместе с 1.0? 

__Кидай в комменты свой мерч Decentrathon и пиши какой тебе нравится больше всего__

**атак 1.0 мерчі имба ғой**",mixed,,mixed,1.0,False,,ru,manual,True,True
Почти лярд адам пайдаланатын мессенджердің СЕОсындай тұрғанын,mixed,,mixed,1.0,False,,kz,manual,True,True
Бәріңе Сәлем. Есть ли разработчики смарт контрактов ? Пишите сюда. Рад знакомству с единомышленниками.,mixed,,mixed,1.0,False,,ru,manual,True,True
Сендер індемей отыра бергенненғой еще,mixed,,mixed,1.0,False,,kz,manual,True,True
"Еще 100 

Хоть 10 болғанда",mixed,,mixed,1.0,False,,kz,manual,True,True
"Админ барма, шығарып жберсінш мынаны по братскии",mixed,,mixed,1.0,False,,ru,manual,True,True
"Ну как вам атмосфера на хакатоне? 

Если джипити вам перестал выдавать код, то погладьте его по корешку! 

А мы напоминаем что завтра сбор в 9 утра 

Ұйықтап қалмаңдар!",mixed,,mixed,1.0,False,,ru,manual,True,True
"Ас болсын, ағайын! Я с вами ",mixed,,mixed,1.0,False,,ru,manual,True,True
"Рибьята! Не переживайте, попу лишний раз не напрягайте! 
У всех кто зарегался статус: «На модерации». Это правильный статус 

Бәрі жақсы, рега өтті 

С любовью,
Админ",mixed,,mixed,1.0,False,,ru,manual,True,True
"Пока что работаю спецом ИТ центра универа. Еще а магу поступил, не успею  

Анау үндіс құсап сотталып жатсам сосын, ұсталып қалып , который одновременно работал в нескольких стартапах",mixed,,mixed,1.0,False,,ru,manual,True,True
"**Десентратоновцы и жители Meta Llama Accelerator, қайырлы күн! ******

Қалай жағдай? Идеи придумываются? Презентации призентуются? А от лета в душе танцуется? 

Сегодня еще продублируем серию круглых сообщений от @sammExe по формату сдачи проектов ",mixed,,mixed,1.0,False,,ru,manual,True,True
"Там где выскакивает первая ошибка 

Дисің",mixed,,mixed,1.0,False,,kz,manual,True,True
"Я думаю именно из за того что нету казаха а команде.

Дисің",mixed,,mixed,1.0,False,,ru,manual,True,True
Я на физик мектебі хожу,mixed,,mixed,1.0,False,,ru,manual,True,True
"Джиги всем ассалаумауғалейкум,у кого желание есть вступить в команду разработчиков,будем вместе винить хакатоны,мутить стартапы .
Нужны все вообще фронт,бек,дизайнеры",mixed,,mixed,1.0,False,,ru,manual,True,True
Не делали они еще пост. Қайдан іздеп табасындар ондай информацияны? ,mixed,,mixed,1.0,False,,kz,manual,True,True
**Привезем этого мем-ағашку на следующий хакатон?**,mixed,,mixed,1.0,False,,ru,manual,True,True
Можно добавить Ұстаз-Оқұшы топик. Чтобы стажеры отправляли свои анкеты и админы только по этим анкетам в топике оставляли анкеты по Оқұшы. Или кому нужны оқұшы оставляли спросы на интернов,mixed,,mixed,1.0,False,,ru,manual,True,True
Лютый тим лид)) Так сказать жұрттың баласы,mixed,,mixed,1.0,False,,kz,manual,True,True
"Вы на буткэмп зарегались? Или так и будете по хакатонам таскаться и выигрывать их? 

А как же стать жұрттың баласы?",mixed,,mixed,1.0,False,,ru,manual,True,True
Если вместо него было бы Түңгі?,mixed,,mixed,1.0,False,,ru,manual,True,True
Офлайн регистрация только мерч пен пицца үшін керек қой?,mixed,,mixed,1.0,False,,kz,manual,True,True
Сама суть хакатона сделать соответствующие к тз мвп за определённое время негізі. С нуля.,mixed,,mixed,1.0,False,,ru,manual,True,True
А получается и сюда(**Сіздің аты-жөні / Ваше имя?) пишу имена всех участников и в(Топ мүшелерінің аты-жөні / Имена членов группы:) пишу снова всех участников?**,mixed,,mixed,1.0,False,,ru,manual,True,True
"достар мне до поступления ещё далеко но пофиг все равно сұрайм ,короче сейчас же входят список грантов кто поступили кто нет ,это только для тех кто в обычных школах учатся ? а нишевцы откуда знают поступили или нет ",mixed,,mixed,1.0,False,,ru,manual,True,True
"нормально, просто жылдың басынан бастап дайындалу керек бос отырмай",mixed,,mixed,1.0,False,,kz,manual,True,True
"донердың кайфы - 15 минут
мунның кайфы - ",kz,,mixed,1.0,False,,ru,manual,True,True
9 құқық и 10 на год все предметы,mixed,,mixed,1.0,False,,ru,manual,True,True
на один мәтін можешь написать,mixed,,mixed,1.0,False,,ru,manual,True,True
"впринципе тоже надо, в аргументы ещё можно добавить, автор қолданған тілдік құралдардын оқырманға әсері",mixed,,mixed,1.0,False,,ru,manual,True,True
"Бұйырса, практику у вас буду проходить",mixed,,mixed,1.0,False,,ru,manual,True,True
или осы жылы қатысатындар (компьютер арт),mixed,,mixed,1.0,False,,kz,manual,True,True
Там был типо ньютон екінші заңы қандай типо того,mixed,,mixed,1.0,False,,kz,manual,True,True
"Просто 2 есеп всегда игнор жасамаймыз,2 есеп жартылай шығарамыз",mixed,,mixed,1.0,False,,kz,manual,True,True
Чисто 2інші турдан жиналған баллмен как то жоғарырақ күміс медалі алкету мүмкінбе?оңай көрінеді но по рез там ондайлар аз,mixed,,mixed,1.0,False,,ru,manual,True,True
личная выставка жасап көргендер бар ма?,mixed,,mixed,1.0,False,,kz,manual,True,True
"а еще AP алғандар бар ма, откуда их найти?",mixed,,mixed,1.0,False,,kz,manual,True,True
Грустно демедің ба че мелочиться,mixed,,mixed,1.0,False,,kz,manual,True,True
енді новичок деп тұр ғо,mixed,,mixed,1.0,False,,kz,manual,True,True
Обязательно ниш теп қою керекқо ещё,mixed,,mixed,1.0,False,,ru,manual,True,True
17.5% тен деп айтқан адамға пошел вон де,mixed,,mixed,1.0,False,,kz,manual,True,True
"Тем более я не думаю что у неё есть время писать эти все докладные, сен жалғыз емессің по любому кто пропускает",mixed,,mixed,1.0,False,,ru,manual,True,True
Мэсктагы бага не показатель менімше,mixed,,mixed,1.0,False,,ru,manual,True,True
Біреуі раз в месяц ивент анонсируют,mixed,,mixed,1.0,False,,ru,manual,True,True
Осы тәте президент так то,mixed,,mixed,1.0,False,,kz,manual,True,True
сегодня уже туда зашёл ғо),mixed,,mixed,1.0,False,,kz,manual,True,True
"Шетел точно, Қазақстанда өнер оқуды қиын",mixed,,mixed,1.0,False,,kz,manual,True,True
У нас ағай всем 90 ставит даже если ты все прогулял,mixed,,mixed,1.0,False,,ru,manual,True,True
