text,language,label,confidence,needs_review,filter_note,llm_language,label_source,_has_kz,_has_ru_cyr
С праздником всех! Пусть татулық всегда будет с нами.,mixed,,1.0,False,,mixed,manual,True,True
"Это хорошая новость для бизнеса, кез келген жеңілдік жақсы ғой.",mixed,,1.0,False,,mixed,manual,True,True
"Быстрее найдут ошибки, быстрее будут исправлять, жақсы ғой",mixed,,1.0,False,,mixed,manual,True,True
"Прямые авиарейсы и устранение двойного налогообложения хорошиғ шаги, которые помогут бизнесу, туризму и росту торговли между странами",ru,,1.0,False,,mixed,manual,True,True
"Лена - құтты болсын ,с Победой ! Весь Казахстан болел за тебя ..Здоровья и дальнейших успехов - на благо РК !!",mixed,,1.0,False,,mixed,manual,True,True
"жақсы қадам, әділдік пен сапа артатыны анық",kz,,1.0,False,,mixed,manual,True,True
"Қаралып жатыр, көңіл бөліп жатыр ғой",kz,,1.0,False,,mixed,manual,True,True
"Из-за того, что какой то «умник» машину не правильно припарковал, пожарные не могли проехать и во время спасти малышей(((  Иманды болсын, тыныш ұйықтасын кішкентай періштелер🤲🏼🤲🏼🤲🏼",mixed,,1.0,False,,mixed,manual,True,True
"Круто, что Акмарал жақсы нәтиже көрсетті, елімізге қуаныш болсын",mixed,,1.0,False,,mixed,manual,True,True
"Ну вот, даже с ""Күміс алқа"" не помогло. 6 лет — серьёзно, но за такое, по ходу, по-другому никак.",mixed,,1.0,False,,mixed,manual,True,True
"Дұрыс, құтты болсын! 🇰🇿🤝🇧🇩 Развитие отношений это всегда новые хорошо для экономики. Мира и процветания обоим народам",mixed,,1.0,False,,mixed,manual,True,True
"И теперь этот принцип возвращается через Курултай и Халық кеңесі. Не как декорация, а как рабочий институт.",mixed,,1.0,False,,mixed,manual,True,True
Пусть каждый тиын из этих триллионов пойдет на пользу людям.Всех с Наурызом и с хорошими новостями! Ұлыс оң болсын,mixed,,1.0,False,,mixed,manual,True,True
"Главное единство и труд, тогда и страна будет процветать. Всех с праздником, родные! Ақ мол болсын",mixed,,1.0,False,,mixed,manual,True,True
"«Автомобиль — не роскошь, а средство передвижения» осыны ұқса бәрі ойдағыдай болады",mixed,,1.0,False,,mixed,manual,True,True
"Шуламайық, по закону разберутся",mixed,,1.0,False,,mixed,manual,True,True
"Көрісу күні — это про единство и традиции, хорошо, что поддержали.",mixed,,1.0,False,,mixed,manual,True,True
"Земля это наше все. Правильно, что президент лично вносил правки в формулировки. Жердің тұтастығы звучит по настоящему, по нашему",mixed,,1.0,False,,mixed,manual,True,True
"все эти игры с танкерами и ракетами просто нервишки портят, надеюсь скоро уляжется бәрі",mixed,,1.0,False,,mixed,manual,True,True
"Поддержка правильного учёта транспорта — это шаг к безопасности на дорогах, қозғап жатқанның өзі жақсы",mixed,,1.0,False,,mixed,manual,True,True
"Срок продления — это правильно, экономикаға сәттілік болсын",mixed,,1.0,False,,mixed,manual,True,True
Для своих бәрібір қарап жатыр ғой,mixed,,1.0,False,,mixed,manual,True,True
Вакцина алмаған балалар көбейіп кетті ғой,mixed,,1.0,False,,mixed,manual,True,True
"Хорошие слова, на единстве всегда страна алға басады",mixed,,1.0,False,,mixed,manual,True,True
"На контроле держат, бәрі байланыста",mixed,,1.0,False,,mixed,manual,True,True
"Хорошая встреча, экономике де пайдасы тиеді",mixed,,1.0,False,,mixed,manual,True,True
"Неужели до такого дошло, соғыс болмасын",mixed,,1.0,False,,mixed,manual,True,True
"Все службы на месте, көмекті толық көрсетіп жатыр",mixed,,1.0,False,,mixed,manual,True,True
"Пусть мир и благополучие будут в каждом доме и в Астане, и в Эль-Кувейте. Ораза қабыл болсын всем",mixed,,1.0,False,,mixed,manual,True,True
Для наших всё равно лучше в трёх валютах ұстап отырған дұрыс сияқты,mixed,,1.0,False,,mixed,manual,True,True
"Организовано всё по правилам, процесс ашық өтеді екен",mixed,,1.0,False,,mixed,manual,True,True
"Правильно делают, без документов мясо тасуға болмайды",mixed,,1.0,False,,mixed,manual,True,True
"Работают нормально парни, порядок керек қой",mixed,,1.0,False,,mixed,manual,True,True
"Ораза қабыл болсын! ✨ Приятно видеть такой список лидеров в поздравлениях. Это лишний раз доказывает, что Казахстан уважают и на Востоке, и на Западе",mixed,,1.0,False,,mixed,manual,True,True
"Хорошо работают ребята, благодаря им люди жолда аман жүр",mixed,,1.0,False,,mixed,manual,True,True
"На самом деле, на производстве бұл маңызды шара, қауіпсіздік үшін керек нәрсе",mixed,,1.0,False,,mixed,manual,True,True
"Күтіп көрейік, анықталады ғо бәрі.",kz,,1.0,False,,mixed,manual,True,True
"С соседями на связи быть всегда плюс, регион үшін маңызды вообще",mixed,,1.0,False,,mixed,manual,True,True
Жамандаған емес адам туратын кала емес екен,kz,,1.0,False,,mixed,manual,True,True
"Всё по делу, если реально реализуют — мясо қолжетімді болады, экспортқа да жол ашылады",mixed,,1.0,False,,mixed,manual,True,True
"Хорошее дело, предпринимателям реально көмектеседі",mixed,,1.0,False,,mixed,manual,True,True
"Хорошо, что уже переходят на онлайн и новые правила разрабатывают, экологияға көңіл бөлініп жатыр",mixed,,1.0,False,,mixed,manual,True,True
"Так и надо было, пусть жауап береді",mixed,,1.0,False,,mixed,manual,True,True
"Кроме соболезнования, что принято - надо экстренно заняться обрубкой деревьев заслоняющихся на автодорогу и тратуары. Не уповать на месный Кудай сақтасын",mixed,,1.0,False,,mixed,manual,True,True
"Дұрыс, заң жұмыс істеу керек Казақстанда! Әбден басыңғаңдар. Қазахстан это не та страна, где каждый проходимец может вытирать ноги об нее",mixed,,1.0,False,,mixed,manual,True,True
"Всё по полкам раскладып жатыр, жүйе тұрақты болады енді",mixed,,1.0,False,,mixed,manual,True,True
"Тихо бы все решилось, соғыс болмасын",mixed,,1.0,False,,mixed,manual,True,True
"Врачи красавцы, на высшем уровне жұмыс істеп жатыр",mixed,,1.0,False,,mixed,manual,True,True
"По делу говорят, все по-честному идет, сами шешіп жатырмыз",mixed,,1.0,False,,mixed,manual,True,True
"Все как и было, соцгарантии сақталады, уайымдайтын ештеңе жоқ",mixed,,1.0,False,,mixed,manual,True,True
"Хорошее дело, связи с Пакистаном крепнут, науке мен білімге де пайдасы тиеді",mixed,,1.0,False,,mixed,manual,True,True
"Все четко объяснили, спекуляцияға ермеу керек",mixed,,1.0,False,,mixed,manual,True,True
"Сложно сейчас совсем без интернета, все к нему байланысты боп кетті",mixed,,1.0,False,,mixed,manual,True,True
"Полезная штука для бизнеса, с бухучетом көп қиналатындар көп қой",mixed,,1.0,False,,mixed,manual,True,True
"Хорошая поездка, укрепление связей с Пакистаном важно. Туризм, экономика да жүреді енді.",mixed,,1.0,False,,mixed,manual,True,True
"Так то видно, что референдум сделали максимально прозрачным и легитимным. Президент может инициировать, но и Курултай, и Правительство, и Халық Кеңесі тоже могут предлагать",mixed,,1.0,False,,mixed,manual,True,True
"Серьёзный и грамотный подход, взвешенное и своевременное изменение в нашу Конституцию даёт надежду на существенное и положительное изменение облика целого Казахстана. Алға Қазақстан✊",mixed,,1.0,False,,mixed,manual,True,True
"Круто, Рыбакина на высоте, Казахстанды тағы да танытып жатыр",mixed,,1.0,False,,mixed,manual,True,True
"Часть денег уже вернули, қалғаны да бақылауда",mixed,,1.0,False,,mixed,manual,True,True
"Жарайсындар ! Предполагал ,что наши забьют 2 гола , но 5 -2 , поэтому можно сказать , что Кайрат - уже не плох ! Держался на уровне лучших команд АПЛ .. Сәттіліктпен женіс тілейміз болашақта ..",mixed,,1.0,False,,mixed,manual,True,True
"В принципе, людей да қорғайтын нәрсе ғой",mixed,,1.0,False,,mixed,manual,True,True
"Нормально сделали, отреагировали быстро — теперь и форма өзіміздікі, и спорт экипировка сапалы болады",mixed,,1.0,False,,mixed,manual,True,True
"Правильное решение, так детям түсініктірек болады",mixed,,1.0,False,,mixed,manual,True,True
"Все по правилам сделали, людей да қарапты",mixed,,1.0,False,,mixed,manual,True,True
"Я думаю, что она 100 процентов знала эту махинацию , ее надо наказать как организатора. Екіншіде басқаларға сабақ болсын",mixed,,1.0,False,,mixed,manual,True,True
Торговать с Монголией выгодно — ауыл шаруашылығы өнімдері жақсы өтеді,mixed,,1.0,False,,mixed,manual,True,True
"Всё поэтапно жүріпті, халықтың ұсынысын ескеріп жатыр",mixed,,1.0,False,,mixed,manual,True,True
"По делу сделали, халыққа әсері болмағаны жақсы",mixed,,1.0,False,,mixed,manual,True,True
"Хоть и рейды идут, но без самих дачников тут не решить — контейнер қойып, келісімге отыру керек бәрібір",mixed,,1.0,False,,mixed,manual,True,True
"Выглядит, как огурчик, где там понадобилась ""медицинская помощь""? Не болып жүр замынан таяқ жеп? Дәурен Есимханов қазақтың палуаны екен.)",mixed,,1.0,False,,mixed,manual,True,True
"Вакцина керек қой, балаларға обал болмасын",kz,,1.0,False,,mixed,manual,True,True
"По делу всё сказал, нужные реформы и вопросы көтеріп отыр",mixed,,1.0,False,,mixed,manual,True,True
"По делу сказал, адамдардың пікірін ескеріп жатыр ғой",mixed,,1.0,False,,mixed,manual,True,True
А что совсем маленький ребёнок был😱😢Иманды болсын кішкентай періштем 🤲,mixed,,1.0,False,,mixed,manual,True,True
"Давно надо было — теперь и мясо, и экспорт, и село дамып кетеді",mixed,,1.0,False,,mixed,manual,True,True
"Давно ждали такую ветку, теперь аэропортқа жету оңай болады",mixed,,1.0,False,,mixed,manual,True,True
"Хорошее направление, свои ресурсы надо детально изучать, инвесторам да и самим пайдасы көп болады",mixed,,1.0,False,,mixed,manual,True,True
"Очень жаль. Иманды, жаны жәннәтта болсын.",mixed,,1.0,False,,mixed,manual,True,True
"Всё по закону идёт, активтер қайтарылып жатыр",mixed,,1.0,False,,mixed,manual,True,True
"Время пришло, без цифры қазір ештеңе жүрмейді",mixed,,1.0,False,,mixed,manual,True,True
"Хорошая тенденция, ИИ-менеджментті оқытып жатқаны дұрыс, сұраныс бар",mixed,,1.0,False,,mixed,manual,True,True
"Хорошо, что не отпустили, теперь по закону ответ береді",mixed,,1.0,False,,mixed,manual,True,True
"Дороги нужны всегда, особенно для регионов — логистика мен туризмге серпін береді",mixed,,1.0,False,,mixed,manual,True,True
"Интересно конечно, но факт вообще расталған жоқ",mixed,,1.0,False,,mixed,manual,True,True
"Не сендім, фейк сияқты қой",mixed,,1.0,False,,mixed,manual,True,True
"Всё по уму делают, бюджетке де тиімді болады",mixed,,1.0,False,,mixed,manual,True,True
"Хорошее направление, детям и учителям реально жеңілдеу болады",mixed,,1.0,False,,mixed,manual,True,True
"Удобно сделали, можно будет нормально отдохнуть и с семьей уақыт өткізу",mixed,,1.0,False,,mixed,manual,True,True
"Вопрос көтеріліп, қадағалап отыр ғой",mixed,,1.0,False,,mixed,manual,True,True
"Для регионов это реально нужная штука, сапалы жабдық та әкеліпті",mixed,,1.0,False,,mixed,manual,True,True
"Контакт с АҚШ всегда плюс, экономикаға да, сыртқы саясатқа да пайдалы болады",mixed,,1.0,False,,mixed,manual,True,True
Для малого бизнеса полегче болады енді,mixed,,1.0,False,,mixed,manual,True,True
"Всё правильно, продбезопасность важнее, пусть сначала елдің өзіне жетсін",mixed,,1.0,False,,mixed,manual,True,True
"Технологии реально выручают, молодцы что так шапшаң подключились",mixed,,1.0,False,,mixed,manual,True,True
"Кому не лень все что то хотят продать, что не так лежит🤦‍♀️ Қазақстанды  құрту",mixed,,1.0,False,,mixed,manual,True,True
"Связи с США всегда нужны, экономикаға плюс болады",mixed,,1.0,False,,mixed,manual,True,True
"С одной стороны, балаларға зиян контент азаяды, бірақ бәрібір айналып өтетін жолын табады",mixed,,1.0,False,,mixed,manual,True,True
"Много всего за ночь, но прям острых новостей нет, просто әлемдегі қозғалыстар сияқты",mixed,,1.0,False,,mixed,manual,True,True
"Работают все службы, людей іздеп жатыр, қайғылы жағдай енді",mixed,,1.0,False,,mixed,manual,True,True
"Цифры большие, но спад уже начался — значит, жағдай бақылауда",mixed,,1.0,False,,mixed,manual,True,True
"Всё правильно, соседпен жақсы қарым-қатынас әрқашан тиімді",mixed,,1.0,False,,mixed,manual,True,True
"Для Казахстана это плюс — спрос тұрақты болса, экономикаға да жақсы әсер етеді",mixed,,1.0,False,,mixed,manual,True,True
"Деньги вернулись, проекты работают — экономикаға нақты пайдасы тиіп жатыр",mixed,,1.0,False,,mixed,manual,True,True
"Для села это реально маңызды, су мәселесі шешіліп жатыр",mixed,,1.0,False,,mixed,manual,True,True
"Хорошая инициатива, регионы оживляет и жастарға мүмкіндік береді",mixed,,1.0,False,,mixed,manual,True,True
"Иманды болсын. Өте қиын жағдай ,жас азамат бұл дүниеден өтті. Шідерті автобан и пост Гай? Без знаков за 1 км хотя бы? Так  нет.   Да были знаки о снижении скорости и я их увидел  случайно,там было оставлено около 5 фур и они своими габаритами закрывали знаки.14 қарашада Астанаға жол жүрдім, тас қараңкы, Шідертіде алдымнан пост шыға келді қудай сақтап өтіп кеттім. Осындай жағдай болмасын, берегите наших граждан. Иманы жолдас болсын.",mixed,,1.0,False,,mixed,manual,True,True
"Важный день, важный праздник для любого из народов, для любой страны. Құтты болсын",mixed,,1.0,False,,mixed,manual,True,True
"Первый раз слышу, чтоб за один приём можно ребёнку лечить несколько зубов да ещё под наркозом, внуков сама веду на прием к стомотологу один прием один зуб, перерыв день и только на 3день к стомотологу, тут какая та супер мама и стомотолог решили одним махом вылечить все зубы маленькому ребёнку, кишкентай саби жаның жатта болсын",mixed,,1.0,False,,mixed,manual,True,True
И так сол жерже жүр еді ғой,mixed,,1.0,False,,mixed,manual,True,True
"Қырық клеенкасыз пафос, но все по делу келдік, қабылдады, саммитке кірістік",mixed,,1.0,False,,mixed,manual,True,True
"Балқаш АЭС имя запомнится, проект реально мощный. Будет и работа, и технологии, и энергия для всех",mixed,,1.0,False,,mixed,manual,True,True
Вах Вах Прекрасно!!! Культура прежде Всего! Алға Қазағым!!!,mixed,,1.0,False,,mixed,manual,True,True
"Ребята, в очередной раз скажу, на олимпиаду она не поехала из-за микротравмы, она бы не смогла и тур пройти тогда, а так она на всех турнирах выступает под нашим флагом! Молодец, Елена! Алга, Қазақстан! 🇰🇿🇰🇿🇰🇿❤️❤️❤️",mixed,,1.0,False,,mixed,manual,True,True
"Молодец Елена, все так держать! Алга, Қазақстан!",mixed,,1.0,False,,mixed,manual,True,True
Президенттен сұхбат алу кез келген журналисттің арманы емес пе 🔥,kz,,1.0,False,,mixed,manual,True,True
Ой зачем так пугать! По факту ведь не будет такого уведомления! Алла сақтасын,mixed,,1.0,False,,mixed,manual,True,True
"Дұрыс, адам басқарғаны жақсырақ қой",kz,,1.0,False,,mixed,manual,True,True
"Байкамуров реально зверь на ковре, просто машина. Заслуженная победа,құтты болсын",mixed,,1.0,False,,mixed,manual,True,True
"Главное, что сейчас девочка бақылауда и көмектесіп жатыр",mixed,,1.0,False,,mixed,manual,True,True
"Выборы акима в Семее — новый этап, халықтың дауысы естіледі енді",mixed,,1.0,False,,mixed,manual,True,True
"Много шума ночью было в мире, но нам главное — тыныштық пен тұрақтылық",mixed,,1.0,False,,mixed,manual,True,True
"Осень в этом году реально радует, фотки кайфовые шығып жатыр",mixed,,1.0,False,,mixed,manual,True,True
"Весь мир едет в Казахстан на заработки, а наша молодежь бежит из страны. Этот факт не красит страну и власть, которые не смогли создать нормальные условия для свои граждан. Советую власти послушать слова Голда Мейер (V-Премьер Израиля) по поводу выезда из страны своих граждан. Саны бір уысқа татымайтын, тарыдай шашылып жүрген қазақтың болашағы не болмақ?",mixed,,1.0,False,,mixed,manual,True,True
"Главное, чтобы всё было в интересах Казахстана. Негізі энергиямен проблеман шешуге керек АЭС👍",mixed,,1.0,False,,mixed,manual,True,True
"Бақылауға алынғаны жақсы, сапа артады деп үміттенемін",kz,,1.0,False,,mixed,manual,True,True
Кучкуются воротаның қасында 🙊,mixed,,1.0,False,,mixed,manual,True,True
3 золота и одно серебро. Не плохо идем. Дальше интереснее! Алға Қазақстан!!!,mixed,,1.0,False,,mixed,manual,True,True
"Красавцы, на финал бәріміз болайық",mixed,,1.0,False,,mixed,manual,True,True
"Для инвесторов теперь двери открытее, имидж банка да и страны өсіп тұр",mixed,,1.0,False,,mixed,manual,True,True
"Потенциал для совместных проектов большой, технологии и ресурсы можно пайдаланып көрсе болады",mixed,,1.0,False,,mixed,manual,True,True
Аға бұл елден біз не аламыз? Не береміз?,kz,,1.0,False,,mixed,manual,True,True
"Хороший шаг для людей, зарплата әділ болады",mixed,,1.0,False,,mixed,manual,True,True
Курс долларa опять подрос — экономике оңай емес сейчас,mixed,,1.0,False,,mixed,manual,True,True
"Резонно, давно надо было тарифы пересмотреть, транзит күшейсе, экономикаға да плюс болады",mixed,,1.0,False,,mixed,manual,True,True
"Много важных шагов озвучили, особенно по ИИ и поддержке экономики — видно, что на перспективу жұмыс істеп жатыр",mixed,,1.0,False,,mixed,manual,True,True
"Спасибо, что предупреждают заранее, можно жоспарлап алуға болады",mixed,,1.0,False,,mixed,manual,True,True
"Хороший праздник для всей страны, нефть экономикаға тірек болып тұр",mixed,,1.0,False,,mixed,manual,True,True
"Безопасность важнее всего, люди сами түсініп жатқаны қуантады",mixed,,1.0,False,,mixed,manual,True,True
"Нормально, движ идет — и экономика, и соцсфера, и сыртқы саясат, бәрі қозғалып жатыр екен",mixed,,1.0,False,,mixed,manual,True,True
"Каждый пункт по-своему важен, но особо радует, что особняк Масимова теперь на пользу балаларға жұмыс істейді",mixed,,1.0,False,,mixed,manual,True,True
"Деньги в регионы идут, өндіріс пен инфрақұрылым дамиды енді",mixed,,1.0,False,,mixed,manual,True,True
"Рост хороший, прогнозы позитивные, экономикаға серпін болады",mixed,,1.0,False,,mixed,manual,True,True
"Спасибо за инфо, МЧС бәрін бақылап отыр ғой",mixed,,1.0,False,,mixed,manual,True,True
"Всё службы наготове, қауіпсіздікке көңіл бөлініп жатыр",mixed,,1.0,False,,mixed,manual,True,True
"Динамика хорошая, инвесторлар үшін де плюс, инфляцияға да шешім болады деп сенем",mixed,,1.0,False,,mixed,manual,True,True
"По делу, жөндеу керек қой, сосын бәрімізге ыңғайлы болады",mixed,,1.0,False,,mixed,manual,True,True
"Взаимодействие с Китаем для России сейчас реально важно, экономически и саяси жағынан да плюсы бар",mixed,,1.0,False,,mixed,manual,True,True
"Поддержка хорошая, лечение в Турции жаңа мүмкіндік береді",mixed,,1.0,False,,mixed,manual,True,True
"Вообще норм, что МВД подключилось, инфраструктура реально ақсап тұр",mixed,,1.0,False,,mixed,manual,True,True
"Ну, закон так решил, бақылауда болады енді",mixed,,1.0,False,,mixed,manual,True,True
"Ақшаны қайтарсын, халыққа обал емес пе",mixed,,1.0,False,,mixed,manual,True,True
"Погода вообще шатается, сақ болу керек всем",mixed,,1.0,False,,mixed,manual,True,True
"Прямой выход на китайский рынок — это уже уровень, экспортқа серпін болады",mixed,,1.0,False,,mixed,manual,True,True
"Погода вообще удивляет, северде уже заморозки, ал югта +38, на всякий случай бәрі сақ болсын",mixed,,1.0,False,,mixed,manual,True,True
"Пожарные реально отрабатывают, в горах оңай емес вообще",mixed,,1.0,False,,mixed,manual,True,True
"Хорошая поддержка для тех, кому реально қажет газ",mixed,,1.0,False,,mixed,manual,True,True
"Жестко взялись, порядок керек қой",mixed,,1.0,False,,mixed,manual,True,True
"По делу всё честно решили, пусть жауап береді",mixed,,1.0,False,,mixed,manual,True,True
"Давно надо было, мошенничество азаяды енді",mixed,,1.0,False,,mixed,manual,True,True
"Толковая поддержка, сразу видно — и новые заводы, и энергетика, и жұмыс орындары көбейеді",mixed,,1.0,False,,mixed,manual,True,True
"Ну, решение суда есть, значит бәрі заң бойынша жүріп жатыр",mixed,,1.0,False,,mixed,manual,True,True
"Красиво начали, атмосфера мықты",mixed,,1.0,False,,mixed,manual,True,True
"Все правильно, сезонға дайындық ерте басталғаны дұрыс",mixed,,1.0,False,,mixed,manual,True,True
"Ну всё по закону, правильно что тексеріп жатыр",mixed,,1.0,False,,mixed,manual,True,True
"Хороший визит — с соседями надо держать связь, экономикаға да әсері бар",mixed,,1.0,False,,mixed,manual,True,True
"Всё правильно, соседями тату болған жақсы",mixed,,1.0,False,,mixed,manual,True,True
"Врачи и министерство на контроле держат, барынша көмектесіп жатыр",mixed,,1.0,False,,mixed,manual,True,True
"Давно нужно было ужесточить, топливо сыртқа кетпесе — өзімізге жетеді",mixed,,1.0,False,,mixed,manual,True,True
"Давно нужно было, порядок үшін жақсы штука",mixed,,1.0,False,,mixed,manual,True,True
"Очень жаль, қайғылы жағдай",mixed,,1.0,False,,mixed,manual,True,True
"Деньги и время экономят, врачтарға да жеңілдейді екен",mixed,,1.0,False,,mixed,manual,True,True
"Хорошее движение, с соседями жақын болу всегда плюс",mixed,,1.0,False,,mixed,manual,True,True
"Молодцы, осындай жаттығу керек всегда",mixed,,1.0,False,,mixed,manual,True,True
"Встреча лидеров — всегда плюс для диалога, главное — чтобы мир мен ынтымақ болсын",mixed,,1.0,False,,mixed,manual,True,True
"Удобно будет, чаще ұшатындар көп қой енді",mixed,,1.0,False,,mixed,manual,True,True
"Красиво организовали, туризмге де әсер етеді",mixed,,1.0,False,,mixed,manual,True,True
"Хорошо, что про Абая не забывают, жастарға керек бағыт",mixed,,1.0,False,,mixed,manual,True,True
"Пожарникам и ЧС-никам оңай емес сейчас, на страже бәрібір",mixed,,1.0,False,,mixed,manual,True,True
Даму үшін осындай сапарлар керек қой,mixed,,1.0,False,,mixed,manual,True,True
"Срокын өтеді, енді заң бойынша шықты ғой",mixed,,1.0,False,,mixed,manual,True,True
"По делу делают, қыста тыныш болсын",mixed,,1.0,False,,mixed,manual,True,True
"Закон бәріне ортақ, бірақ балаға обал болды",mixed,,1.0,False,,mixed,manual,True,True
"Бұндай жағдайда амнистия дұрыс емес сияқты, балаға обал ғой",mixed,,1.0,False,,mixed,manual,True,True
"По делу работают, қауіпсіздік бірінші орында",mixed,,1.0,False,,mixed,manual,True,True
"Следят за этим, просто так өспей жатыр ғой",mixed,,1.0,False,,mixed,manual,True,True
"В сельской медицине обновление всегда кстати, люди күтті осыны",mixed,,1.0,False,,mixed,manual,True,True
"Без этого газ бы вообще исчез в некоторых регионах, так хоть нарықта тұрақтылық болады",mixed,,1.0,False,,mixed,manual,True,True
С налогами порядок будет — бизнес те ашық болады,mixed,,1.0,False,,mixed,manual,True,True
"Хорошее дело, людей еңбегін бағалап жатыр",mixed,,1.0,False,,mixed,manual,True,True
"Хороший шаг для региона, ООН-ның орталығы жаңа мүмкіндіктер береді",mixed,,1.0,False,,mixed,manual,True,True
"Если ваше дело попало к человеку "" бәрі бір"" , он вообще с место не поднимется.Мы такое пережили когда угнали "" Мерс наш"", мы сами нашли в СТО как после аварийную когда наш покупатель с Гольф клуба со скоростью 230 км/час за рулем был и сделал аварию.Машина была по доверенности , потому что он еще не расчитался полностью!",mixed,,1.0,False,,mixed,manual,True,True
Дружим со Швейцарией — экономикаға да плюс болады,mixed,,1.0,False,,mixed,manual,True,True
"Дополнительный транзит — это всегда плюс для бюджета, да и Қытаймен қарым-қатынас та нығаяды",mixed,,1.0,False,,mixed,manual,True,True
"Всё по закону идёт, теперь тәртіп болады",mixed,,1.0,False,,mixed,manual,True,True
Когда в США кризис они начинают войну чужими руками всегда так было Иран Китай Югославия и добрались до России. Енді не стимиз и все в таком приказом тоне(интересно закончат потом с кем начнут,mixed,,1.0,False,,mixed,manual,True,True
"Деньги в дело кетеді, әлеуметтік жобаларға пайдасы тиеді ғой",mixed,,1.0,False,,mixed,manual,True,True
"Это правильно, так хоть налоги толық түседі",mixed,,1.0,False,,mixed,manual,True,True
"Давно пора об этом напоминать, столько людей қақпанға түсіп жатыр",mixed,,1.0,False,,mixed,manual,True,True
"Хорошо что вовремя тоқтатты, жастарға зиян еді",mixed,,1.0,False,,mixed,manual,True,True
"Хорошая поддержка, с Турцией бірге болу өзімізге де тиімді",mixed,,1.0,False,,mixed,manual,True,True
"Лето у детей всегда быстро өтеді ғой, демалыс деген – балалықтың тәтті шағы",mixed,,1.0,False,,mixed,manual,True,True
"В целом, правильно что под рынок подстраиваются — молодежьке жұмыс табу оңайырақ болады",mixed,,1.0,False,,mixed,manual,True,True
"Всё правильно, свой металл ішінде өңделсін",mixed,,1.0,False,,mixed,manual,True,True
Саудада жүргендерге де осындай мереке керек қой,mixed,,1.0,False,,mixed,manual,True,True
"Хорошая инициатива, ИТ мен бизнес жақындаса береді енді",mixed,,1.0,False,,mixed,manual,True,True
"Хорошо, что дело уже в суде, полиция жұмыс істеп жатыр",mixed,,1.0,False,,mixed,manual,True,True
"Деньги сыртқа кетіп жатқаны қызық, бірақ бәрібір бақылауда ұстап отыр",kz,,1.0,False,,mixed,manual,True,True
"Всё к удобству идет, наличка уже реально керек болмай қалды",mixed,,1.0,False,,mixed,manual,True,True
"Контроль есть, МВД на связи, бәрі бақылауда",mixed,,1.0,False,,mixed,manual,True,True
"Ассалаумағалайкум, да они члены ОПГ. В этой связи и задержаны.",mixed,,1.0,False,,mixed,manual,True,True
"Сотрудничество с Афганистаном — это и экономика, и аймақтағы тұрақтылық үшін пайдалы ход",mixed,,1.0,False,,mixed,manual,True,True
"Пусть уже договорятся, соғыс болмасын",mixed,,1.0,False,,mixed,manual,True,True
"Хорошая возможность для ребят, геологияға қызығатын жастар көбейіп жатыр",mixed,,1.0,False,,mixed,manual,True,True
"Хороший шаг, если реально контроль болады, сервис те көтеріледі",mixed,,1.0,False,,mixed,manual,True,True
"Летом всегда спрос на такие профессии растет, сезон ғой",mixed,,1.0,False,,mixed,manual,True,True
Адамдар ақшасына обал екен,kz,,1.0,False,,mixed,manual,True,True
"Знание гос языка это важно, но казахи, вы сами помогайте, а то смотрите на лица и переходите на ""здравствуйте"".. Қайырлы күн, керек емес.. И прочее и проще будет всем.. Мои друзья при мне говорят на двух языках со мной и сильно мне помогают..",mixed,,1.0,False,,mixed,manual,True,True
"На границе теперь намного быстрее будет, транзит пен саудаға жақсы әсер етеді",mixed,,1.0,False,,mixed,manual,True,True
"Хорошо что сразу убрали, иначе доверия болмас еді",mixed,,1.0,False,,mixed,manual,True,True
"Вот это реально работа, которую не видно, но без нее вообще тыныштық болмас еді",mixed,,1.0,False,,mixed,manual,True,True
Балаларға обал болдау,kz,,1.0,False,,mixed,manual,True,True
"Интересно, как Франция такие автономии решіп жатыр",mixed,,1.0,False,,mixed,manual,True,True
"С Наадмын баяр шүү, Монгол ағайындар. Желаю чтобы этот праздник силы и духа принесет благополучие и удачу каждой семье. С уважением из Казахстана",mixed,,1.0,False,,mixed,manual,True,True
"Ну и правильно, надо идти на компромисс, а то басқа шығып алады 😅 В мире сейчас все через тонкий баланс идет где перегнешь, там и хлопнет. Лучше заранее договориться, чем потом тушить",mixed,,1.0,False,,mixed,manual,True,True
"Это не интернет! Это воспитание и то что видят дома! Мои дети тоже в интернете но такой жестокости,отбирания чего либо нет. Аллага шукир бари бар,жогында кордик,но осылай биреуден алып жулу,кореалмайтындар жоқ. Тәрбие үйден басталады! Неважно что говорит интернет важно что мы сами внушим детям нашим.",mixed,,1.0,False,,mixed,manual,True,True
"Правильно говорит, пограничные вопросы всегда надо с екі жақтың мүддесін ескеріп шешу",mixed,,1.0,False,,mixed,manual,True,True
"Изменений много, вроде бы всё по делу, быт пен заң жақсара ма екен теперь",mixed,,1.0,False,,mixed,manual,True,True
"Правоохранительные органы – на контроле, молодёжь спортта қуантады",mixed,,1.0,False,,mixed,manual,True,True
"МИД все правильно делает, безопасность бірінші орында",mixed,,1.0,False,,mixed,manual,True,True
"Көрсеткішке қарағанда, жағдайы жақсы болғаннан өмірге нәрестелер келіп жатыр. Сондықтан ""тұрмысымыз ауыр, күнкөріс үстінде жүрміз, айыппұл салып, жеп ішіп-жеп, қысып жатыр ... "" деп, беталды жылай бермеңдер",kz,,1.0,False,,mixed,manual,True,True
"Война — это всегда беда, соғыс болмасын",mixed,,1.0,False,,mixed,manual,True,True
"Работают нормально, главное — урожай сақталып тұр",mixed,,1.0,False,,mixed,manual,True,True
Не Қазақстанская а при возная көрші елден.Наши пасутся на пастбищах же,mixed,,1.0,False,,mixed,manual,True,True
"Вот этого боюсь,они не должны поподать амнистию и бишімбаев",mixed,,1.0,False,,mixed,manual,True,True
"Переговоры с Болгарией и Словакией — внешка маңызды, LRT наконец-то сдвинулся с места, полиция с КНБ молодцы, а футболистам собраться надо🤔",mixed,,1.0,False,,mixed,manual,True,True
"В области Жетысу наблюдаю много много земель просто огорожено, да брең сараң мал қой жылқы жұр но это мизер по сравнению с миллионами голов в Советское Время!",mixed,,1.0,False,,mixed,manual,True,True
"Хорошая новость, теңге күшейіп жатыр",mixed,,1.0,False,,mixed,manual,True,True
"Кұтты болсын !Тарих та калады ,Так держать ! Также  продолжить  во взрослых соревнованиях !!",mixed,,1.0,False,,mixed,manual,True,True
Өзбек қыздары слабее. По юношам и мужикам да там өзбеки держат удар!,mixed,,1.0,False,,mixed,manual,True,True
"Тюрк әлемі — это не просто союз. Это жүрек со стуком на одну частоту. Казахстан, Узбекистан, Турция, Кыргызстан, Азербайджан, Венгрия — бір тамырдан шыққан, тек жолы әртүрлі болған халықтар. И вот теперь, при Токаеве, мы снова сидим за одним дастарханом. Это не просто история — это ұлы қайта өрлеу. Бабалар армандаған күн осы!",mixed,,1.0,False,,mixed,manual,True,True
"вот это крутая новость, у нас дома папа работает в производственной сфере — он сразу сказал: “осындай жүйе бұрыннан керек еді”",mixed,,1.0,False,,mixed,manual,True,True
"Отец говорит: ""Есеп берген – жауап береді"", и это правда. Хорошо, что Токаев держит на контроле. Инфляция, курс, резервы — всё важно, особенно когда каждый день на базаре цены смотришь☝️",mixed,,1.0,False,,mixed,manual,True,True
"Жарайсындар, балалар! Рахмет сендерге, Қазақстаннын абыройын көтергендеріне! Я верю в нашу страну, когда есть такие умные, развивающиеся люди! Горжусь!!! 🔥🎊🫶🙏😘",mixed,,1.0,False,,mixed,manual,True,True
Заслуженная награда.Куаныш Султанов много сделал для страны.Құтты болсын,mixed,,1.0,False,,mixed,manual,True,True
"После такого визита понимаешь, что спорт — часть нашей культуры и это важно. Токаевтің қатысуы халықты біріктіреді және жастарға үлгі болады. Вся страна гордится нашими атлетами, особенно в тяжелом весе. Пусть эти соревнования станут началом новых достижений",mixed,,1.0,False,,mixed,manual,True,True
"он же не только поэт был, журналистику да көтерген ғой",mixed,,1.0,False,,mixed,manual,True,True
Жарайсыңдар батырлар 🇰🇿💪🏻 все было на высоте 👍,mixed,,1.0,False,,mixed,manual,True,True
"Молодец что такие вещи не забывают. Ассамблея реально көп жыл болды, и видно что она жұмыс істеп жатыр",mixed,,1.0,False,,mixed,manual,True,True
Ауызбен толтырып жылда өтірік сөйлеп басшылар жаман үйренген салған мектептерінде сапа мүлдем жоқ   .,kz,,1.0,False,,mixed,manual,True,True
"Туыстарына қөніл айтамын, Иманды болсын. Что то в Жамбылской области часто погибают сотрудники",mixed,,1.0,False,,mixed,manual,True,True
осындай кезде ощущается что работа правоохранителей реально бағаланады,mixed,,1.0,False,,mixed,manual,True,True
"соцэконом развитие – это и дороги, и вода, и жұмыс, надеемся, будет польза",mixed,,1.0,False,,mixed,manual,True,True
"Не зря говорят — ""алтын ерге емес, ер алтынға жарасар"", это про них!✊",mixed,,1.0,False,,mixed,manual,True,True
Самое главное без потерь. Жарайсыңдар 👍,mixed,,1.0,False,,mixed,manual,True,True
"Көрші ақысы – тәңір ақысы деген сөз бекер емес қой, қазақ әрқашан көршісіне жақсылық тілеген",kz,,1.0,False,,mixed,manual,True,True
"Көрші ақысы – тәңір ақысы деп бекерге айтпайды ғой, хорошая поговорка, и по делу сказано👍",mixed,,1.0,False,,mixed,manual,True,True
"жақсы айтылған, на случай глобального давления всегда должен быть запасной план",mixed,,1.0,False,,mixed,manual,True,True
"Хорошая новость. Пусть лучше во всех сферах идет сотрудничество со всеми странами. Бәрімен тек достық, серіктестік қарым қатынаста болайық",mixed,,1.0,False,,mixed,manual,True,True
"Мы одни из немногих стран, которая имеет такие ресурсы, как редкие металлы. Осыны дұрыс пайдалану керек.",mixed,,1.0,False,,mixed,manual,True,True
"Бәсе, в Шымкенте сегодня прохладный ветерок",mixed,,1.0,False,,mixed,manual,True,True
"Астана сегодня прям қызыққа толы екен, бір жағынан Наурыз мейрамы, с другой стороны спорттағы жеңісіміз қуантады. Ал ауа райы, как всегда, на свой вкус — біресе қар, біресе күн шығып тұр!",mixed,,1.0,False,,mixed,manual,True,True
"Наурыз – это праздник тепла, и такие поздравления делают его ещё добрее. Казахстан и Россия поддерживают стабильный диалог, и это важно. Көктемгі көңіл-күйді сезініп жатырмыз",mixed,,1.0,False,,mixed,manual,True,True
"Поздравил и Казахстан, и соседние страны — это про уважение и единство региона. Әр елге арнайы құттықтау жолдағаны қуантады 👍",mixed,,1.0,False,,mixed,manual,True,True
"Теплые слова и хорошие пожелания всегда к месту, особенно в такой праздник как Наурыз. Стратегическое партнёрство между странами продолжается. Осындай дипломатиялық қадамдар керек",mixed,,1.0,False,,mixed,manual,True,True
"Программа «Ауыл құтқарушылары» – это хорошая инициатива, особенно для отдалённых населённых пунктов. Если ЧС-система модернизируется и в сёлах, значит, безопасность повышается на всех уровнях. Жақсы қадам 👏",mixed,,1.0,False,,mixed,manual,True,True
"Хороший визит, такие встречи всегда двигают сотрудничество вперёд. Казахстан и США работают в разных сферах, и каждая из них важна. Жақсы келіссөздер, жаңа мүмкіндіктер ашылады деп ойлаймыз",mixed,,1.0,False,,mixed,manual,True,True
"Такие встречи всегда важны, потому что на них закладываются новые инициативы. Казахстан и США взаимодействуют по многим направлениям, и этот диалог только усиливается. Жақсы нәтиже болады деп ойлаймыз",mixed,,1.0,False,,mixed,manual,True,True
"АНК – это про диалог и единство, и это правильно. Главное, чтобы это не было просто очередным собранием, а реально приносило пользу. Жақсы ұсыныстар күтеміз 👏",mixed,,1.0,False,,mixed,manual,True,True
"0,5% – это не рекордный рост, но в нестабильных условиях даже такой результат уже неплохо. Казахстан всё ещё привлекателен для инвесторов, и это главное. Жаңа жобалар көбейсе, одан да жақсы нәтиже болады",mixed,,1.0,False,,mixed,manual,True,True
"Капвложения – это долгосрочная вещь, и оценивать их эффективность нужно через несколько лет. Главное, чтобы эти деньги реально работали, а не просто проходили по отчётам. Егер инвестициялар дұрыс салынса, экономика күшейеді",mixed,,1.0,False,,mixed,manual,True,True
"1,86 трлн тг – сумма внушительная, но вопрос в том, куда конкретно эти деньги направляются. Если в инфраструктуру, промышленность и IT – это круто. Егер тек бір реттік жобаларға кетсе, онда ұзақ мерзімді пайда аз болады",mixed,,1.0,False,,mixed,manual,True,True
"Инвестиции – это всегда показатель доверия к экономике. Рост небольшой, но главное, что он есть. Егер тұрақты түрде өсіп отырса, болашақта нәтижесін көреміз",mixed,,1.0,False,,mixed,manual,True,True
"Барлығымен осындай келісімге келіп алу керек, шетелде қашып жүргендерді ұстауға хорошая возможность.",mixed,,1.0,False,,mixed,manual,True,True
"Локальные производители получают всё больше поддержки, офтейк-сделки выросли в 10 раз – это круто. Қазақстандық компанияларды қолдау арқылы ішкі нарықты күшейтуге болады. Бізге өз өндірісімізді дамыту керек, сонда экономика да мықты болады 👍",mixed,,1.0,False,,mixed,manual,True,True
"7 крупных проектов в 2025 году – это амбициозно, но если всё реализуют по плану, будет большой рывок. Жолдардың дамуы, контейнерлік хаб – бәрі маңызды бағыттар. Қазірдің өзінде инфрақұрылымға салынған инвестицияның әсері байқалып жатыр",mixed,,1.0,False,,mixed,manual,True,True
"Обновление маслихатов через прямые выборы – это вообще топ, значит там реально будут те, кого выбрали жители. Бәрі де халық үшін жақсы болады деп сенемін👏",mixed,,1.0,False,,mixed,manual,True,True
Амал күні – тёплый праздник про уважение и единство!,mixed,,1.0,False,,mixed,manual,True,True
"Это важный день для нас, для всего народа! На Амал күні чувствуешь поддержку и любовь близких.",mixed,,1.0,False,,mixed,manual,True,True
"О, Амал күні — это настоящий праздник для души! Вспоминаю, как раньше у нас в ауле все собирались. Круто, что эта традиция возвращается!",mixed,,1.0,False,,mixed,manual,True,True
"Молодцы, что заранее сделали всё по уму: и техника, и люди наготове. Егер әкімдіктер де өз міндеттерін жақсы орындаса, ешқандай қиындық болмайды",mixed,,1.0,False,,mixed,manual,True,True
"Кандай сендерге қызмет, как они будут общатся главное чтоб достигли лучшего сценария войны!",mixed,,1.0,False,,mixed,manual,True,True
"Согласна, школы – это важная вещь, у нас тут деток всегда много. Дұрыс айтасыз, қажет нәрсе!",mixed,,1.0,False,,mixed,manual,True,True
"Объездная дорога будет просто находкой! Теперь можно будет без пробок по области кататься. Жалпы, жақсы болар!",mixed,,1.0,False,,mixed,manual,True,True
"Круто, что строят новые школы, а то в некоторых районах реально не хватает мест для детей. Тапқан жоғыңыз өте жақсы болды!",mixed,,1.0,False,,mixed,manual,True,True
"Жақында ғана сайланып еді ғой. Посмотрим, как все это будет реализовываться, но старт вроде бодрый)",mixed,,1.0,False,,mixed,manual,True,True
Молодцы наши женщины! Трудолюбие и упорство всегда ценились в Казахстане! Айтпасам да білесің!,mixed,,1.0,False,,mixed,manual,True,True
"Я давно хотел, чтобы Туркестан получил подобный статус. Это даёт массу возможностей для развития духовного и культурного потенциала. Жақсы жаңалық деп ойлаймын 👏",mixed,,1.0,False,,mixed,manual,True,True
"Найди оскорбление в моих коментах ! Загугли возможно еще гуляетт это видео где убийцы приехали с ружьем! А тебе не советую обелять убийц, басына келіп қалады!",mixed,,1.0,False,,mixed,manual,True,True
"Если строительство первого АЭС ойдағыдай болып жатса, думаю можно будет приступать к строительству 2,3ей станции.",mixed,,1.0,False,,mixed,manual,True,True
"По сути, жаман нәтиже емес, но с каждым годом нужно только улучшать эти показатели, если барлығын удаленно басқарып отыратындай жасаса всем было бы удобнее и выгоднее думаю. Над этим нужно подумать.",mixed,,1.0,False,,mixed,manual,True,True
"Это групповой турнир, мы выиграли у КНР и ЮК, но проиграли Японии. Но Закон Кз поторопились, если сейчас КНР обыграют Японию, то у нас будет бронза. Это, конечно, маловероятно, но возможно. Хохолдарда мақал бар ғой - Не кажи гоп, пока не перепрыгнешь)",mixed,,1.0,False,,mixed,manual,True,True
"Каждому свое. Но по факту, рабочие, те самые трудяги, которых благо сейчас не мало, это фундамент всех стран мира. Өз жұмысын адал істеп жүрген жандарға мың алғыс.",mixed,,1.0,False,,mixed,manual,True,True
"Келісемін, үкімді алқабилер соты шығарды, ал судья жазаны заң бойынша белгіледі.",kz,,1.0,False,,mixed,manual,True,True
"Да мы мирная страна и пусть всегда у нас будет ясное небо над головой, но как говорится, сақтықта қорлық жоқ",mixed,,1.0,False,,mixed,manual,True,True
"По сути, у каждого из них есть опыт. Бір емес бірнеше станциясы бар елдер ғой. Неплохой выбор👍",mixed,,1.0,False,,mixed,manual,True,True
Вроде бірнеше күн болатын емес па еді Китайский Новый год или ошибаюсь🤔,mixed,,1.0,False,,mixed,manual,True,True
"Өткен жылы біраз оқиға орын алды ғой. Интересно будет послушать итоги года. Удачи всем кто будет выступать, особенно, Бектенову. Достойный человек, хорошо справляется со своими обязанностями✊",mixed,,1.0,False,,mixed,manual,True,True
"Заслужил, осылар ғой банда болып, халыққа дизинфо таратқан. Можно было бы и побольше дать)",mixed,,1.0,False,,mixed,manual,True,True
"Что сказать, сам виноват. Никто же не заставлял их участвовать в этих беспорядках. Анау Дикийдың жанында банда болып жүруші еді. Осылар ғой халыққа дизинфо беріп, беспорядок ұйымдастырған. Можно было бы и побольше дать.",mixed,,1.0,False,,mixed,manual,True,True
"Дикого Армана засудить, а по Қайрат аға не знаю!",mixed,,1.0,False,,mixed,manual,True,True
"Это уже проблема об продаже валют, те кто хочет тот берет а вообще, я тут с тобой Келісем очень странно что данные финансовые Бизнесу люди которые выходят на рынок не знают что выше цена не залог Үлкен ақша!",mixed,,1.0,False,,mixed,manual,True,True
"Неплохо, 45 млрд прибыль деген біраз сумма негізі Казпочта үшін. Да и служба доставки у них на уровне👍",mixed,,1.0,False,,mixed,manual,True,True
Халық заңнама бойынша өз құқығын толықтай білетіндей болу керек қой,kz,,1.0,False,,mixed,manual,True,True
"Бюджеттиқ жалақасы аздау болған үщун , хукым шығарады ал манызды деффицит және инфляцияны зертеп қадалап мамандарың аз жалақасы болған үшун олар тым миндетің толық актармайды өз өзимен иесиз қалды, ал зардабың ел тутынышылар щегип түр? Продовольственный кризис он регулируется с учетом дополнительной поставки тех продуктов где есть ажиотаж . При диффиците цена возрастает ! Необходимо снять напряжение и все ! Инфляцию можно предотвращать и управлять в пользу народа , а не в пользу монополистов!",mixed,,1.0,False,,mixed,manual,True,True
😱😭 иманды болсын 🤲  Вы там вообще уже что творится Мать которая осталась с таким грузом боли 😢😢😢 ещё решили осудить ... сабр Опомнитесь ! Судьи .  Қазақстанда  заңды.,mixed,,1.0,False,,mixed,manual,True,True
"Сейчас время строить и развиваться, а не отвлекаться на политические вопросы. Тоқаевтың сөзі сенімділік береді, бәрі өз уақытында болады.",mixed,,1.0,False,,mixed,manual,True,True
"**Здорово, что интервью будет в Ана тілі это ведь поддержка казахского языка на деле!👍**",mixed,,1.0,False,,mixed,manual,True,True
"Спасибо пилотам, что не растерялась и спасли столько жизней, к сожалению ценой собственной. И нашим рахмет, что подготовили место для посадки, что МЧС и врачи работали оперативно! Впервые за последнее время я могу с гордостью сказать, что қазақтар өз мықтылығын көрсетті!",mixed,,1.0,False,,mixed,manual,True,True
"Иманды болсың!!!, только один вопрос,а где были наши погран службы?постороний самолёт залетел в наше воздушное пространство,они не увидели его🤔",mixed,,1.0,False,,mixed,manual,True,True
У природы нет плохой погоды😇Алматы үшін қалыпты жағдай!,mixed,,1.0,False,,mixed,manual,True,True
Новые станции с Китаем — экологически чистая энергия — это плюс для всей страны. Енді табиғатты сақтаймыз! 🌱,mixed,,1.0,False,,mixed,manual,True,True
Это Сарышаған - рыбный край жемчужина Балхаша,mixed,,1.0,False,,mixed,manual,True,True
"Атам келер еді, сразу берлиннен кейін бұрып жіберді ғой, Квантумды в упор көрмейсің ғой, две недели и капитуляция",mixed,,1.0,False,,mixed,manual,True,True
"Қайта жақсы емес пе , елдің жарқын болашағы үшін 👍",kz,,1.0,False,,mixed,manual,True,True
Танысып не ақшасы болмаған ғой,kz,,1.0,False,,mixed,manual,True,True
"Окончания - ов, ова, ев, ева, конечно не преемлем и не актуален қазақтарға. А отчество ұлы, қызы остаётся думаю. Например Асан Нурлан Серікұлы...",mixed,,1.0,False,,mixed,manual,True,True
Отличная новость! Алға Казақстан!,mixed,,1.0,False,,mixed,manual,True,True
13 адамның ішінде екі әйел бар еді ғой,kz,,1.0,False,,mixed,manual,True,True
"Да просто, чай с лимоном, или кофе, я не люблю любое кофе даже турецкое, я два года жил в Италии, вот там они умеют готовить, заметьте не варят как турки, а готовят, это с удовольствием, чёрный чай? Только если моя Әже, её нет, или Мамы, қаймақ пен, а так Динюсь сәл шыда енді 😊",mixed,,1.0,False,,mixed,manual,True,True
"Атырау облысы ТЖД құтқарушылары судан құтқарып,  қайық үстінде алғашқы медициналық көмек көрсетіп, жағаға шығарды. Кейін 103 қызметкерлеріне тапсырды.",kz,,1.0,False,,mixed,manual,True,True
"Браво,вот цивилизованные страны так делают,ДАЙ БОГ,чтобы между нами всегда  были взаимовыгодные отношение.АЛЛА ЖАР БОЛСЫН  екі елге!!!",mixed,,1.0,False,,mixed,manual,True,True
Приземлился на казахстан болады. Төбеден түсті.,mixed,,1.0,False,,mixed,manual,True,True
"Керемет! Кому то может не понравиться, это спорт, все нюансы знают специалисты! Аман болайық,тыныштық болсын!",mixed,,1.0,False,,mixed,manual,True,True
"Орталық қазірдің өзінде АҚШ, Еуропа, Ұлыбритания, Азия және Таяу Шығыс елдеріндегі бірқатар серіктестермен тығыз ынтымақтастық орнатты.",kz,,1.0,False,,mixed,manual,True,True
Шығыс на слуху 😁,mixed,,1.0,False,,mixed,manual,True,True
"Құтты болсын! Бауы берік болсын! Кто она, зачем, деп өздеріңнін төмендігіңді көрсетпеңдер! Если вы не знаете, это не значит, что она не известна! Доброе слово пораждает добро для себя! А столько злости-зачем и почему? Не знаете, прогуглите! А рожает в 50-это уже смелость! А сама или не сама тоже не ваше дело! Самое главное, Баян молодец, что решилась на такой  подвиг! Удачи и всех благ! Рахмет, за то что этот казахский мир сделала богаче еще на двух красавиц! Аман, сау болып өсе беріңдер!🙏🏼",mixed,,1.0,False,,mixed,manual,True,True
Мәссаған 😮 что так можно что ли?,mixed,,1.0,False,,mixed,manual,True,True
"В отличии от ауыз ашар - обязательно істеу керек, кісілерді шақыру керек, ет асу керек и тд и тп",mixed,,1.0,False,,mixed,manual,True,True
"в е салық этот же доход будет указан как наличный, если я еще через пей такую сумму приму, то двойной налог не будет?",mixed,,1.0,False,,mixed,manual,True,True
"Ко лбу ,и гладить волосы и говорить ақшам шашымнанда көп болсын!😄",mixed,,1.0,False,,mixed,manual,True,True
Бірге болсын! Рахмет. Нет не встречали такую информацию,mixed,,1.0,False,,mixed,manual,True,True
"Хорошо. Спасибо за ответы и советы. Но я - это другая история және қазақша мен еркін сөйлесем орыс болсам да. Там такое дело, что я за детей переживаю и считаю, что живя в Казахстане и не знать казахский это манкуртизм. Т.е. это вряд-ли моё желание, а скорее необходимость. Которую многие конечно не воспринимают как необходимость, в отличие от меня",mixed,,1.0,False,,mixed,manual,True,True
так этот сайт родом из Китая 😳 Қытайда туылған ғой,mixed,,1.0,False,,mixed,manual,True,True
Asos интернет дүкен қазақстанға доставка жасайма кім біледі?,kz,,1.0,False,,mixed,manual,True,True
"""Клеймо позора"" деген аты жаман екен ☹️. Басқалардың ойынан тәуелсіз болуға тырысып жүрсе адам деген 💁🏻‍♂️... И в 1-части и во 2-ой... Как будто мнение окружающих важнее всего (но я и не говорю что оно вообще не важно, но этот наш менталитет #$!&)",mixed,,1.0,False,,mixed,manual,True,True
"как тебе идея снять ролик про общественные движения в стране? (Жаңа адамдар, Дала қырандары) я как общественник, и как тот подписчик который всегда смотрит твои видео хочу услышать твое субъективное мнение. Заранее спасибо",mixed,,1.0,False,,mixed,manual,True,True
Обзор біткенше күлдім. Если честно фильм не смотрел. После обзора я понял что хотел сказать государства 😂😂,mixed,,1.0,False,,mixed,manual,True,True
"Огонь просто. Кто злорадствует, посмотрите хотя б для кругозора австралийку с её обезьяньим танцем. Наши ребята молодцы, с такими талантами и трудолюбием еще возьмём пьедестал💪🏻алға, менің Қазақстаным❤️",mixed,,1.0,False,,mixed,manual,True,True
"Вааау, молодцы ребята👍, у меня чуть сердце не остановилось, пока парнишка спускался на велосипеде. Аллам сақтасын,аман жүріңдер.",mixed,,1.0,False,,mixed,manual,True,True
"Хова, по новостям если судить частенько отказывают тормоза ..хотя мәшины новые. Представьте, такая махина несётся без тормозов😿",mixed,,1.0,False,,mixed,manual,True,True
"Сәкен с Дусматовым будет дратся,Дусматов31год , не тот Дусматов , но опытный,а Сакен тоже не плохо вступает,но мен не нравится ,что он свою голову вниз тянеть  ,басты көтеру керек қой.",mixed,,1.0,False,,mixed,manual,True,True
Алға алға жане алға! 🙏,kz,,1.0,False,,mixed,manual,True,True
Ну и бәрібір емес па какая форма на тебе когда золото на груди и флаг гимн страны в твою честь???,mixed,,1.0,False,,mixed,manual,True,True
"Жаль…Абиба не смогла забрат бронзу…эх, ..жарайсың Абиба мойыма,жеңісің алда әлі!",mixed,,1.0,False,,mixed,manual,True,True
Сметову от Сметова - Удачи! Пусть Золото Олимпиады будет твоим! Сәттілік!,mixed,,1.0,False,,mixed,manual,True,True
"Аллаха шүкір, все тела найдены. Люди будут захоронены, как положено. Иманды болсын! Соболезнования родным!",mixed,,1.0,False,,mixed,manual,True,True
Финляндия и Швеция когда вошло в НАТО в каком году?Россия (артық қылам деп тыртық қылды ),mixed,,1.0,False,,mixed,manual,True,True
"Жалпы, табысты келіссөздердің нәтижелері бойынша мемлекетаралық салалық ынтымақтастықты нығайту бойынша алдағы қадамдарға тек сәттілік",kz,,1.0,False,,mixed,manual,True,True
Получил за то что ответил матом . Нормально объяснять за падло . Бәрінің кеудесіне нан піскен заман болды ғой .,mixed,,1.0,False,,mixed,manual,True,True
"Себебі, барлығы ашық өз көзқарастарын бетпе-бет саммит үстінде айтып, мәселелерін ортақ шешуге мүмкіндік бар",kz,,1.0,False,,mixed,manual,True,True
"Қонақжайлығымызды көрсетіп, жақсы күтіп алу керек👍",kz,,1.0,False,,mixed,manual,True,True
На казахский лад звучать будет Ертұған и это имя.,mixed,,1.0,False,,mixed,manual,True,True
Дайындық қызу үстінде 🔥,kz,,1.0,False,,mixed,manual,True,True
"Я благодарен за это своей стране. И если для этого нужно проводить учения, сотрудничать с другими странами то я только за. Еліміз аман, аспанымыз мәңгі ашық болсын 🙌🏻🇰🇿❤️",mixed,,1.0,False,,mixed,manual,True,True
Ежедневно погибабщие от голода и вирусов дети некоторых стран Африки Вам бәрі бip. Там даже речи об образование нет,mixed,,1.0,False,,mixed,manual,True,True
"не болса да , кінәліні табады, бірақ анау бищяра өлсе де бәрібір екен",kz,,1.0,False,,mixed,manual,True,True
Не болатынын көреміз енді.,kz,,1.0,False,,mixed,manual,True,True
"Самокаты вылетают на пешеходную дорожку на большой скорости даже в темное время ,  и им плевать что авто в миг не успеет затормозить, сам несколько раз чуть не сбил 30 ти летний опыт вождения и Кудай сақтады.",mixed,,1.0,False,,mixed,manual,True,True
Әйтеуір из крайности в крайность болватырмыз,mixed,,1.0,False,,mixed,manual,True,True
"""Таза Қазақстан"" начинается с нас самих",mixed,,1.0,False,,mixed,manual,True,True
"Учения это всегда хорошо, пусть проводят, всегда надо быть на стреме, но надеюсь эти учения никогда не пригодятся на практике, еліміз аман, аспанымыз әрдайым ашық болсын",mixed,,1.0,False,,mixed,manual,True,True
"Дукен,Су, сүт,дурыс,жаңа,сурет,кал калай,мен,сен,ол, тәте,ет- хватит для получения Гражданства?",mixed,,1.0,False,,mixed,manual,True,True
"Удачи, успехов и отличных результатов в новой работе, ісіңіз тек оңынан болсын",mixed,,1.0,False,,mixed,manual,True,True
"Жарайсың..Нора. Она с Нарынкола..с.Текес...әкесі Жәкең менің құрдасым,молодец!!",mixed,,1.0,False,,mixed,manual,True,True
Той басталды не айқайлай алмасан не ауызға салып лақтырамасан ....,kz,,1.0,False,,mixed,manual,True,True
Әсет Ирғалиевті осындай лауазымға тағайындалуымен құттықтаймын!,kz,,1.0,False,,mixed,manual,True,True
"Хоть у нас страна и с мирной политикой, хоть мы со всем в дружеских и партнерских отношениях, безопасность надо максимально повышать. Еліміз мәңгі бейбіт, аспанымыз ашық болсын",mixed,,1.0,False,,mixed,manual,True,True
На Қапшағай 😂,mixed,,1.0,False,,mixed,manual,True,True
Салтанатқа конечно обал,mixed,,1.0,False,,mixed,manual,True,True
"Қазақтар не забудут помощь братьев таджиков , киргизов и узбеков! Қыин кезенде қасымызда болып , протянуть руку помощи это многого стоит!!!!",mixed,,1.0,False,,mixed,manual,True,True
"Зачем так говорит,она по своими знанием проводит процесс и не плохо ,чтобы потом  бишимские адвокатчики рот закрыли,среди них очкарик так усиленно работает,наверно ей золотые горы обещали, тфу ,ондай жексұрын қорғаушы болып нан тапқанша...",mixed,,1.0,False,,mixed,manual,True,True
почему Ораза Айт не объявят днем праздника. даже дети не смогли как следует айттауға. в этот день следует по гостям ходить. а они в школе были😢,mixed,,1.0,False,,mixed,manual,True,True
"Вот теперь эпидемии надо опасатся, за детьми следить, за питанием. Могут всякие вирусы появится. Құдайым халқымызды жаман аурудан, жұттан сақтасын.",mixed,,1.0,False,,mixed,manual,True,True
Әр күніміз жақсылық пе қуанышқа толы болсын,kz,,1.0,False,,mixed,manual,True,True
"Біздің елде жылда осы ғой ештеңеге тасқыны қойып, қыс кезінде тендер аларда бес машина, тракторымен көрсетеді "" готовность на 100% деп, соның өзінде 50% транспорт, жұмысшылары по знакомству көрсетуге алып келеді и ВСЁ, тендр өалтада. Басқасы не болса ол болсын, шуылдап жүрген ХАЛЫҚ.",mixed,,1.0,False,,mixed,manual,True,True
С США лучше дружить чем враждавать...не дай бог с ними начать терки сразу жди беды. Так что көтті қысып родной деп журе берген дурыс.,mixed,,1.0,False,,mixed,manual,True,True
"Герой современного мира ! Молодчик , настоящий ЖІГІТ!",mixed,,1.0,False,,mixed,manual,True,True
"Факт, от провокаций, лишних слухов и прочей ерунды лучше никому не будет, только будем в заблуждения друг друга вводить, а как известно өсекті бізде жақсы көред",mixed,,1.0,False,,mixed,manual,True,True
"На протяжении последних тысячелетии Наурыз - новый год, традиционно празднуется только один день. 21 марта - день, когда день по времени равняется ночи. А празднование Наурыз несколько дней, по казахский называется «Бүректен сирақ шығару”.  Бүкіл әлемге күлкі болған болмайдығой ағайын.",mixed,,1.0,False,,mixed,manual,True,True
"И Вас били ойбай 😱не деген ""жауыздық""!",mixed,,1.0,False,,mixed,manual,True,True
"Біздің халқымыз сондай, если у кого то беда, мы протянем руку помощи и это правильно",mixed,,1.0,False,,mixed,manual,True,True
"Іле өзені, а не или , Енисей емес Енесай,Байкал емес Байкөл, Еділ,Жайық тоже под другим названием, Альпийские горы емес Алып тау, и так до Аргентины которые наши Арғыны(шутка) Камызяк_Камыстыөзек, Саратов_Сарытау, Тюмень_Төмен, Курган_Қорған,",mixed,,1.0,False,,mixed,manual,True,True
"Сорлы Күлпаш,сутягиннің артынан кетпедің бе,алған бес-он теңгеге атышулы сутягинді қолдап босатып жіберген,мен оған 4,5 емес 10жыл берер едім.",kz,,1.0,False,,mixed,manual,True,True
Всё всё молчу ғо,mixed,,1.0,False,,mixed,manual,True,True
Везде были сады росли яблони алыча. Вырубили дома построили. Ну зачем туда  лезть. Алла сактай көр,mixed,,1.0,False,,mixed,manual,True,True
"Сопляки пишут на авто-әр қазақ менің жалғызым. Указываю на бедолагу-накорми его, подтверди надпись. Почему то агрессия появляется",mixed,,1.0,False,,mixed,manual,True,True
"Как вообще напасть на скорую помощь в голове мысль допустить, что с человеком нужно сделать, как нужно психику и мораль извратить чтобы человек напал на 103? 🤦‍♂ Ұят не ұят, а это мы ведь, наша составляющая общества странно это.",mixed,,1.0,False,,mixed,manual,True,True
"Жан тәтті бәрінде, я даже из дома не вышла 🙄",mixed,,1.0,False,,mixed,manual,True,True
"Турецкие землетрясение дошли до средней Азий готовьтесь жігіттер мен кыздар тряснеть до 6-9 баллов,  особенно юг атырау актау сильно пострадают грубо смятение со землей.  Кызылорда там качают нефть воду не заливают не наполняют там будет хлеще",mixed,,1.0,False,,mixed,manual,True,True
"Они работали в это время на пути , иманды болсын жақындарына көңіл айтамыз",mixed,,1.0,False,,mixed,manual,True,True
"Осында отырған жүздеген адамдар тек кемсітіп,жаман жағын жазуға тырысып  отыр да..Рахмет,участковыйға..а,вед мог бы сказать “не знаю,не в курсе” и идти по свойм делам. А,он поехал в такую погоду спасать людей...Молодец!",mixed,,1.0,False,,mixed,manual,True,True
Тэцтың керектігі қазірдің өзінде байқалып тұр,kz,,1.0,False,,mixed,manual,True,True
"Лучше бы инфраструктуру поменяли по Кз, гниет все , пол страны без отопления и воды, летом без света, чем эти боққада керек емес темірді дәм болсын туда сюда тасып, салыб, алыб, жасаб.",mixed,,1.0,False,,mixed,manual,True,True
Әкелеріңді әбден жер қылдыңдар ғой масқара,kz,,1.0,False,,mixed,manual,True,True
"Құтты болсын! Поздравляю! Новому Казахстану-новые руководители, такие как Рустам Алиевич, эрудированный, грамотный, креативный!",mixed,,1.0,False,,mixed,manual,True,True
"Всех предупреждали ведь, не выезжайте, не выезжайте деп. Нет, прут и прут 🤦🏻‍♂️🤦🏻‍♂️ а потом еще претензии высказывают, Казавтожолу на нас наплевать деп, ұялмай қызармай 😏",mixed,,1.0,False,,mixed,manual,True,True
"Самая наиважнейшая ПОЛИТИКА - это каждодневный хлеб на дастархане простых граждан. Более глобальной и более насущной темой для любой власти нет ағайын. “Тоқ баламен аш бала ойнамайды, тоқ бала еш нәрсені ойламайды”.",mixed,,1.0,False,,mixed,manual,True,True
"Действительно не было ли хоть одного нормального мужика? Когда самолёт атаковал башни близнецов, говорят там тупо ножом угрожали, төрт адамды любой жерде қайыстыруға болады ғой",mixed,,1.0,False,,mixed,manual,True,True
"Вечная память и Вечная слава Героям павших на боях сражения против фашизма!!! Люди которых не сломил страх!!! Аллах тағалам сіздерге жаннаттың төрінен орын берсін, әумін",mixed,,1.0,False,,mixed,manual,True,True
"Раздача всего и всех, это почерк старого режима. Бірден елімізді құлдыққа өткізіп жімермегеніне шүкір.",mixed,,1.0,False,,mixed,manual,True,True
Өтсе де өтпесе де көңілім бір қалпы. Өткенде де не бітірер дейсің? Англия не Францияға барады да қадалады.,kz,,1.0,False,,mixed,manual,True,True
"вопрос прозвучал в рамках общей риторики о знании языков и адресован редакции и никак не в вам, так что ""умные"" комментарии можете придержать для более удачного случая. Сіз өзіңіз негізі қазақша қалайсыз?",mixed,,1.0,False,,mixed,manual,True,True
"Ну что сказать, жексұрын боп кетті!!! Видать деньги и власть не помогли в больнице!",mixed,,1.0,False,,mixed,manual,True,True
Күлкім пришла прям,mixed,,1.0,False,,mixed,manual,True,True
**Құтты болсын!** ❤️🇰🇿🇷🇺 Очень хорошо✊,mixed,,1.0,False,,mixed,manual,True,True
"Сделайте зп как в Лондане, сделайте соц пакет такой же как в Лондане. Халыққа түк бермей,  бірақ Лондандағыдай өмір сүргілері келеді.",mixed,,1.0,False,,mixed,manual,True,True
Кім анау костюм киген?,kz,,1.0,False,,mixed,manual,True,True
"Вот это правильно, заң бұзуға болмайды, пусть ответит за свои дела",mixed,,1.0,False,,ru,manual,True,True
Это только начало! Алға!,mixed,,1.0,False,,ru,manual,True,True
"информация полезная, очередь и задержки могут быть, ескерілуде",mixed,,1.0,False,,ru,manual,True,True
"Достықтарыңыз ұзағынан болсын.Главное, чтобы был мир во всем мире. Поздравляем народ Бангладеш с праздником независимости",mixed,,1.0,False,,ru,manual,True,True
Когда наградите и признаете заслуги Қара майора. Будет справедливость или нет.,mixed,,1.0,False,,ru,manual,True,True
"Халық Кеңесі реально перспективная структура. Если она будет работать, а не для галочки, это позволит гражданам влиять на законы и улучшать жизнь, а не только наблюдать со стороны",mixed,,1.0,False,,ru,manual,True,True
"Круто, что Курултай и Халық кеңесі возвращаются как реальные институты народовластия. Это не просто слова, а шанс, чтобы каждый гражданин ощущал участие в управлении страной",mixed,,1.0,False,,ru,manual,True,True
"Отлично, что поддержали такой важный праздник, как Көрісу күні!",mixed,,1.0,False,,ru,manual,True,True
"Круто, молодцы ребята, так держать и дальше елге абырой әкелсін",mixed,,1.0,False,,ru,manual,True,True
"крутая идея, что через цветы показывают наших әйелдердің тарихын",mixed,,1.0,False,,ru,manual,True,True
"Интересно сказано, реально многие вообще не думает про инфляцию, просто долларға қарайды",mixed,,1.0,False,,ru,manual,True,True
"Поддержка друг другу в такое время реально маңызды, отношения укрепляются",mixed,,1.0,False,,ru,manual,True,True
"Эстонияны Тәуелсіздік күнімен құттықтаймыз! 🇰🇿🤝🇪🇪 Желаем процветания, мира и новых высот в развитие",mixed,,1.0,False,,ru,manual,True,True
"Ораза қабыл болсын, и пусть мир во всем мире будет не просто словами",mixed,,1.0,False,,ru,manual,True,True
"Резервы нормальные, но внутреннее потребление быстро растет — новые заводы и разведка вовремя қолға алынды",mixed,,1.0,False,,ru,manual,True,True
"В целом правильно делают, народ сам шешсін",mixed,,1.0,False,,ru,manual,True,True
"Работают по делу, нормально қолға алған",mixed,,1.0,False,,ru,manual,True,True
"Без бумаги проще, все равно онлайнға үйрендік уже",mixed,,1.0,False,,ru,manual,True,True
"Всё оперативно сделали, экспорт тоқтамайды",mixed,,1.0,False,,ru,manual,True,True
"Хорошо, что новые технологии доходят до медицины, быстрее диагноз қояды теперь",mixed,,1.0,False,,ru,manual,True,True
"Хороший шаг, больше рейсов будет и транзит күшейеді",mixed,,1.0,False,,ru,manual,True,True
"Для Казахстана это плюс, бюджетке кіріс көбейеді",mixed,,1.0,False,,ru,manual,True,True
"Теперь все станет ясно, суд анықтайды",mixed,,1.0,False,,ru,manual,True,True
"Хорошо, что быстро среагировали и пассажиров не қалдырды без внимания",mixed,,1.0,False,,ru,manual,True,True
"Молодцы, вовремя среагировали, людей құтқарды",mixed,,1.0,False,,ru,manual,True,True
"Решение правильное, пенсионные на красоту жұмсау — перебор уже",mixed,,1.0,False,,ru,manual,True,True
Зачем говорить ? Вы были там? Или бабушки нашептали?  Это өсек……,mixed,,1.0,False,,ru,manual,True,True
"Құтты болсын,удачи и успехов",mixed,,1.0,False,,ru,manual,True,True
"Молодцы, с акцентом конечно, но вполне хорошо говорят на казахском. Особенно вторая девушка. Приятно что в других странах говорят на наших языках. Пытаются угадать, порадовать, проявить уважение. Соған не жетсін.",mixed,,1.0,False,,ru,manual,True,True
"Полезные изменения, люди больше қорғалады теперь",mixed,,1.0,False,,ru,manual,True,True
"Хороший шаг для города, люди сами таңдайды теперь",mixed,,1.0,False,,ru,manual,True,True
"Серебро в день рождения — круто, Назымға респект",mixed,,1.0,False,,ru,manual,True,True
"Хороший шаг для образования, теперь молодежь здесь больше үйренеді",mixed,,1.0,False,,ru,manual,True,True
"Дефицита конечно нет, просто цены поднялись в два раза. И не каждый может себе позволить купить мясо. Вот если депутатам платить МРЗП , который они установили, интересно смогли бы они побаловаться қазы-қарта, жал, жая???",mixed,,1.0,False,,ru,manual,True,True
"Хорошо что быстро подключились, вертолётпен вообще бақылауда держат",mixed,,1.0,False,,ru,manual,True,True
"Лучше детям, чем сатқынға",mixed,,1.0,False,,ru,manual,True,True
"На развитие инфраструктуры всегда уақыт, терпим немного",mixed,,1.0,False,,ru,manual,True,True
"Спасибо за инфу, осторожнее болайық",mixed,,1.0,False,,ru,manual,True,True
Главное — чтобы договорились и война тоқтаса,mixed,,1.0,False,,ru,manual,True,True
"Разберутся, причину анықтайды",mixed,,1.0,False,,ru,manual,True,True
"Красиво придумали с Днем Абая, нашу культуру байқағаны қуантады",mixed,,1.0,False,,ru,manual,True,True
"Хорошо, что министры с халықпен ашық кездеседі, это нужная практика",mixed,,1.0,False,,ru,manual,True,True
"Всё понятно, просто очередной фейк шығыпты",mixed,,1.0,False,,ru,manual,True,True
"Без транспорта вообще тяжело бы ел қозғалатын едік, всех с праздником",mixed,,1.0,False,,ru,manual,True,True
"Герой на своем месте, память сақталады",mixed,,1.0,False,,ru,manual,True,True
"Хорошо, что Казахстан на таких площадках участвует — внимание к стране өседі",mixed,,1.0,False,,ru,manual,True,True
"По школам и садикам просто по красоте. Келешек мектептері нужная тема. А то раньше дети в три смены учились, теперь будет как в городе с комфортом",mixed,,1.0,False,,ru,manual,True,True
"Похоже на обьятие удава, әйтеуір құдай сақтасын",mixed,,1.0,False,,ru,manual,True,True
"Молодцы, на высоте көрсетті өздерін",mixed,,1.0,False,,ru,manual,True,True
"Удобно сделали, теперь подделка өтпейді",mixed,,1.0,False,,ru,manual,True,True
"Пусть разбираются до конца, если не виноват — анықталады",mixed,,1.0,False,,ru,manual,True,True
"Спасибо за инфу, жарада шынымен сезіледі",mixed,,1.0,False,,ru,manual,True,True
"По делу объяснил, конструктивный подход лучше, чем айқай",mixed,,1.0,False,,ru,manual,True,True
Спасибо Деду за победу! За мирное небо над головой! Низкий поклон 🙇‍♀️ Вам Алдынан жарылқасын🤲 Артындағы ұрпағы аман болсын🤲,mixed,,1.0,False,,ru,manual,True,True
"Дождёмся официальных результатов, всё равно анықталады",mixed,,1.0,False,,ru,manual,True,True
"Ну тут серьезно подошли, просто так отпустып жібермейді",mixed,,1.0,False,,ru,manual,True,True
"Хорошо, что деньги пойдут на конкретное дело — люди суымен қамтамасыз етіледі",mixed,,1.0,False,,ru,manual,True,True
“Су ішкен құдығыңа түкірме” — как говорили деды 💦 Всё правильно говорит Президент!,mixed,,1.0,False,,ru,manual,True,True
как говорится «су ішетін құдығыңа түкірме» — атомная энергия это тоже благо если с умом подходить 🧠🇰🇿 пусть главное безопасно будет и кадры свои обучат 🙏⚛️,mixed,,1.0,False,,ru,manual,True,True
"Правильно, экология маңызды, и про предпринимателей тоже хорошо придумали",mixed,,1.0,False,,ru,manual,True,True
"қызық, впервые женщина возглавила МОК, это круто",mixed,,1.0,False,,ru,manual,True,True
"Хороший шаг, пожары быстрее анықтайды",mixed,,1.0,False,,ru,manual,True,True
Ну это мощно конечно. Си Цзиньпин в шоке шығар көріп🔥,mixed,,1.0,False,,ru,manual,True,True
"жөндеп алсын, главное чтоб дорога была ровная",mixed,,1.0,False,,ru,manual,True,True
"Ковровая дорожка, флаг, всё чин чином. Уважение — это важно. Как говорят, «Қонақ келсе, құт келеді» 😉",mixed,,1.0,False,,ru,manual,True,True
"ИИ, цифра, экология — темы будущего. Хорошо, что в этом направлении қозғаламыз.",mixed,,1.0,False,,ru,manual,True,True
"Жарайсыңдар балалар! Жеңістерін құтты болсын! Хочется сказать нытикам,и диванным критикам,не сразу все строилось и наука Казахстана в том числе. Эти дети завтра будут гордостью нашей науки. А вы и дальше будете ныть и сидеть на диване.",mixed,,1.0,False,,ru,manual,True,True
"Минимум пафоса, максимум уважения: вечный огонь, минута тишины, и вдруг понимаешь цену бейбіт күннің",mixed,,1.0,False,,ru,manual,True,True
"Немцев больше,некоторые не хотели переехать,привыкли и у них менталитет другой,почти казахский ,ещё некоторые с казахами құда,жекжат. Я лично радуюсь ,что их столько и хотелась бы их стала больше т.к.они более человечные",mixed,,1.0,False,,ru,manual,True,True
"құттықтаймыз, заслуженно, полицейские на передовой всегда",mixed,,1.0,False,,ru,manual,True,True
"Мангистау не просто область, это край, где и мұнай, и теңіз, и еңбекқор халық. Рад, что Президент лично уделяет внимание✊",mixed,,1.0,False,,ru,manual,True,True
"У нас говорят: ""Ер ерлігiмен көріктi"", вот прям про них",mixed,,1.0,False,,ru,manual,True,True
"Когда рядом сильные и надежные соседи, это уже половина успеха. Мир вокруг — это мир внутри, түсіне білген адамға🙌",mixed,,1.0,False,,ru,manual,True,True
"Көрісу – это не просто встреча, а символ уважения к старшим и заботы о близких",mixed,,1.0,False,,ru,manual,True,True
"Так делают : "" түк көрмеген адам"", как так можно сама аыдвигала себя и за 9х подписала документы учредителей  и все её слушались по стойке смирно, дикий ужас! Конечно она одна такую аферу  не смогла , там хватает кто ей помогал!!!",mixed,,1.0,False,,ru,manual,True,True
"Замечательно! Наконец-то справедливость! Пусть таких инициатив будет больше, ""қуанамыз""!",mixed,,1.0,False,,ru,manual,True,True
"Инклюзивный туризм – это вообще супер! Все должны иметь возможность посетить такие места, вне зависимости от возможностей. Жарайсыңдар!",mixed,,1.0,False,,ru,manual,True,True
"Мне кажется, это очень правильное решение. Туркестан – ведь исторический центр, а теперь это ещё и законодательно закреплено. Құдай қаласа, туристов станет ещё больше, и экономика поднимется",mixed,,1.0,False,,ru,manual,True,True
Это ж сколько времени и сил потратили! Респект следователям! Жарайсыңдар!,mixed,,1.0,False,,ru,manual,True,True
"Надеюсь, виновные получат по заслугам. Пусть правда восторжествует! Әділдік орнасын!",mixed,,1.0,False,,ru,manual,True,True
Действительно бұйырғанын болады! Ну и упорный труд и терпение дали свои плоды 🥰🔥,mixed,,1.0,False,,ru,manual,True,True
"Надеюсь, не просто так, а ""берекесі бар"" сотрудничество начнется.",mixed,,1.0,False,,ru,manual,True,True
"Қой, көрерміз. Время покажет.Надеюсь, про малый и средний бизнес не забудут.",mixed,,1.0,False,,ru,manual,True,True
Спасибо ф. Казахстан халқына. Мы очень надеемся что ещё больше детей получат лечения.,mixed,,1.0,False,,ru,manual,True,True
"Визу откроют, поеду в Доху ,ещё раз,бұйырса!",mixed,,1.0,False,,ru,manual,True,True
Хорошо что предотвратили.А то столько балонов был бы страшный взрыв.қудай сактады.,mixed,,1.0,False,,ru,manual,True,True
Лучше через е-өтініш,mixed,,1.0,False,,ru,manual,True,True
Им бәрібір на цены на продукты,mixed,,1.0,False,,ru,manual,True,True
"Ноябрь так то осень. Назовите ""күз-2024""",mixed,,1.0,False,,ru,manual,True,True
"Многие ауылдан шыққандар, эти места нас кормят качественными продуктами, многие с городов на сельские ярмарки за тем же маслом, сметаной, молоком, мясом и т.д ходят. Поэтому конечно же лучше поддерживать села.",mixed,,1.0,False,,ru,manual,True,True
Кто не хочет возвращаться то у них нету көке баке куда брат сваты или попросту у нас не могут создавать условие,mixed,,1.0,False,,ru,manual,True,True
Лишь бы не көрші елдің лжеІТмошенники болмасың😱😱🥶🥶,mixed,,1.0,False,,ru,manual,True,True
Нағыз Халық қаһарманы! От всей души поздравляю с этой заслуженной наградой! Желаю вам крепкого здоровья,mixed,,1.0,False,,ru,manual,True,True
"Уран өндіретін крупный 3 елдің бірі біздің ел, уран өндірісі негісзі басымдық беретін сала",kz,,1.0,False,,ru,manual,True,True
"Всем қайырлы таң! Подскажите обычный, накопительный депозит в отбасы открывать или есть ещё какие-то для ипотеки ?",mixed,,1.0,False,,ru,manual,True,True
"А где варианты ""кенту в долг"", ""по братски""? Скинул такой лям на көрімдік))",mixed,,1.0,False,,ru,manual,True,True
Щүкір. Не хватает. Зарабатывал больше.,mixed,,1.0,False,,ru,manual,True,True
Бұрыс. И даже штраф за это,mixed,,1.0,False,,ru,manual,True,True
"Мәә такая молодец, словами не описать как мы рады за неё, еңбегің құтты болсын👍🏻👍🏻👍🏻",mixed,,1.0,False,,ru,manual,True,True
"Махмудов тоже сильный борец,тем более титулованный борец,СӘТТІЛІК!!!",mixed,,1.0,False,,ru,manual,True,True
"Если зарплату не поднимут, все жто бесполезно. Итак толковые работники все ушли, остались одни безграмотные. Жауапкершілігі таудай, жалақысы тарыдай. Лучше таксовать.",mixed,,1.0,False,,ru,manual,True,True
и это еще не шілде,mixed,,1.0,False,,ru,manual,True,True
"Бойцы должны родину учиться качественно защищать, а не последствия коррупции искоренять! Ұятай, бетім-ай! New KZ😥",mixed,,1.0,False,,ru,manual,True,True
"А можно из алматинскоо бюджета құрмет высылать в пригороды, чтобы они не возвращались?",mixed,,1.0,False,,ru,manual,True,True
"А вообще все эти их движения в США, вся их политика и есть самый настоящий - қоқыс.",mixed,,1.0,False,,ru,manual,True,True
"Вся экономика, политика, да и вся жизнь общества ориентирована на инфляцию. Инфляция, к большому сожалению, стала национальнной идеологией, құрыметті ағайын. Инфляция с безработицей стали нашим достижением за годы обретения независимости.",mixed,,1.0,False,,ru,manual,True,True
Не жұмыстарын бар?! Что тем других не осталось для обсуждения?,mixed,,1.0,False,,ru,manual,True,True
"Знаю много мужчин, где именно жены оттяпов имущество живут припеваючи, а мужчины на улице на трёх работах, только на долги работают. И у них нет просвета. И это в основном трудяги, қарапайым ер кісілер.",mixed,,1.0,False,,ru,manual,True,True
"Раньше кое кому и нөкерлеріне ұнамаған,поэтому  так и ногами,руками противостояли,слава Богу данный момент он выше тех кто противостоял и будущем его возвысит на рудный уровень!",mixed,,1.0,False,,ru,manual,True,True
После драки кулаками не машут... Ұтылғанның сөзі қурысын! )),mixed,,1.0,False,,ru,manual,True,True
"Просто если человек не был в такой ситуации то он не поймет какого это плохо лешится своего зароботка , а кто пишет всякую чепуху, бастарынан отпесін",mixed,,1.0,False,,ru,manual,True,True
"Так если на левом есть, а на правом нет, бөлінбеске қалай?😂",mixed,,1.0,False,,ru,manual,True,True
"В целом молодцы. Хотя как я понял кто-то сверху надавил на них. Компания приносит доход, позиции Казахтелекома укрепляются. Руководство показало, что они крутые бизнесмены. Мұқтаж жанға бұйырсын 😅",mixed,,1.0,False,,ru,manual,True,True
"Лучше интернета чем у Казахтелеком пока альтернатив нет. Монополист, да, но кто мещает создавать конкуренцию?  Поэтому алға бассын. Насчёт Кейсел не знаю, знаю что на рынке столько сколько мне лет",mixed,,1.0,False,,ru,manual,True,True
